System,Planet,Sign,Avg_Births,Days_Count,Deviance_Pct
Tropical,Moon,Aquarius,10432.030432136336,1643,-0.031103079083418975
Tropical,Moon,Aries,10433.96511627907,1634,-0.012563232895498001
Tropical,Moon,Cancer,10437.254083484573,1653,0.018954545516103868
Tropical,Moon,Capricorn,10432.15,1640,-0.029957274581087722
Tropical,Moon,Gemini,10433.276829268292,1640,-0.01915900480012593
Tropical,Moon,Leo,10436.781630170317,1644,0.014427082048653915
Tropical,Moon,Libra,10446.063145112326,1647,0.10337072696454296
Tropical,Moon,Pisces,10420.520807833538,1634,-0.14139842887270201
Tropical,Moon,Sagittarius,10435.859137826352,1647,0.005586948515291559
Tropical,Moon,Scorpio,10443.327261687917,1647,0.0771530841171917
Tropical,Moon,Taurus,10431.46037507562,1653,-0.03656586755135622
Tropical,Moon,Virgo,10440.496648385131,1641,0.05002765620265847
Vedic,Moon,Aquarius,10428.269792935445,1642,-0.06714083367743533
Vedic,Moon,Aries,10434.864520048603,1646,-0.0039443544028079135
Vedic,Moon,Cancer,10436.627808136005,1647,0.012953023935775642
Vedic,Moon,Capricorn,10436.956257594167,1646,0.01610051571509341
Vedic,Moon,Gemini,10435.43359611886,1649,0.0015090333511765608
Vedic,Moon,Leo,10444.082166768107,1643,0.08438724899406012
Vedic,Moon,Libra,10444.946886446887,1638,0.09267375400340215
Vedic,Moon,Pisces,10424.400245549417,1629,-0.10422224235246887
Vedic,Moon,Sagittarius,10432.688875305623,1636,-0.024793297133790707
Vedic,Moon,Scorpio,10439.530624620982,1649,0.040770366288712945
Vedic,Moon,Taurus,10429.777239709443,1652,-0.05269515197204814
Vedic,Moon,Virgo,10435.664641555286,1646,0.0037231140680884438
Tropical,Mars,Aquarius,10219.025089605735,1395,-2.072307739055401
Tropical,Mars,Aries,10232.888888888889,1548,-1.9394526126745975
Tropical,Mars,Cancer,10525.99339570721,1817,0.8693327354694004
Tropical,Mars,Capricorn,10272.991195891416,1363,-1.5551570125892316
Tropical,Mars,Gemini,10354.018062397372,1827,-0.7786862652833353
Tropical,Mars,Leo,10586.83062401678,1907,1.4523286005023828
Tropical,Mars,Libra,10580.562101910828,1884,1.3922581047026354
Tropical,Mars,Pisces,10357.377928949358,1323,-0.7464890669346035
Tropical,Mars,Sagittarius,10396.55526141628,1511,-0.37105738692748796
Tropical,Mars,Scorpio,10479.2059347181,1685,0.4209741062227774
Tropical,Mars,Taurus,10372.042866282789,1563,-0.6059567306675147
Tropical,Mars,Virgo,10668.660526315789,1900,2.236494743536057
Vedic,Mars,Aquarius,10337.258461538462,1300,-0.9392915109830409
Vedic,Mars,Aries,10278.941903584673,1618,-1.4981320942031495
Vedic,Mars,Cancer,10572.895506792058,1914,1.3187900428379293
Vedic,Mars,Capricorn,10232.299163179916,1434,-1.94510388344067
Vedic,Mars,Gemini,10496.858932461873,1836,0.590140667159566
Vedic,Mars,Leo,10627.829007633587,1965,1.8452111953505472
Vedic,Mars,Libra,10535.56374269006,1710,0.9610442232041962
Vedic,Mars,Pisces,10294.728531855955,1444,-1.3468507281596802
Vedic,Mars,Sagittarius,10302.011404133998,1403,-1.2770598362726053
Vedic,Mars,Scorpio,10400.498086734693,1568,-0.33327376461180547
Vedic,Mars,Taurus,10368.65675990676,1716,-0.6384053821041218
Vedic,Mars,Virgo,10602.705785123966,1815,1.604458366097995
Tropical,Jupiter,Aquarius,10130.874033149172,1810,-2.917048744529196
Tropical,Jupiter,Aries,10096.083766233765,1540,-3.250439701327354
Tropical,Jupiter,Cancer,10749.178933153275,1481,3.0080929827989222
Tropical,Jupiter,Capricorn,10186.86846361186,1855,-2.3804608306533024
Tropical,Jupiter,Gemini,10631.818387339865,1327,1.8834409427836751
Tropical,Jupiter,Leo,10805.66688741722,1510,3.5494102760930226
Tropical,Jupiter,Libra,10699.751182033096,1692,2.534432769774227
Tropical,Jupiter,Pisces,10103.377029464822,1663,-3.1805492341833363
Tropical,Jupiter,Sagittarius,10322.286087866109,1912,-1.0827699728270639
Tropical,Jupiter,Scorpio,10520.713624678663,1945,0.8187373227017305
Tropical,Jupiter,Taurus,10322.082327892122,1409,-1.0847225802287217
Tropical,Jupiter,Virgo,10791.790373654212,1579,3.41643330837614
Vedic,Jupiter,Aquarius,10019.87746031746,1575,-3.9807155944461576
Vedic,Jupiter,Aries,10428.908262849707,1537,-0.0610224530360865
Vedic,Jupiter,Cancer,10737.97434252726,1559,2.9007207341633663
Vedic,Jupiter,Capricorn,10055.530813953488,1720,-3.639053781080922
Vedic,Jupiter,Gemini,10641.205863192183,1535,1.9733999983992543
Vedic,Jupiter,Leo,10805.07156428119,1579,3.5437053658545534
Vedic,Jupiter,Libra,10571.590743629746,1923,1.306286653883313
Vedic,Jupiter,Pisces,10107.840106595602,1501,-3.1377801011234268
Vedic,Jupiter,Sagittarius,10186.27483801296,1852,-2.386149473596984
Vedic,Jupiter,Scorpio,10378.581950207468,1928,-0.543293473396934
Vedic,Jupiter,Taurus,10611.025856044724,1431,1.6841886082270532
Vedic,Jupiter,Virgo,10747.085281111813,1583,2.988029766296372
Tropical,Saturn,Aquarius,10509.24387755102,1960,0.7088241111010313
Tropical,Saturn,Aries,10797.184983677911,919,3.468129209466151
Tropical,Saturn,Cancer,9943.648648648648,1591,-4.711207157492996
Tropical,Saturn,Capricorn,10632.748051948052,1925,1.8923498072651885
Tropical,Saturn,Gemini,10120.686379928315,1674,-3.0146758039331383
Tropical,Saturn,Leo,10071.335377069283,1631,-3.487600547572721
Tropical,Saturn,Libra,10508.359466666667,1875,0.7003489076294923
Tropical,Saturn,Pisces,10517.783831282952,1138,0.7906614638475233
Tropical,Saturn,Sagittarius,10668.830035514968,1971,2.2381191298690997
Tropical,Saturn,Scorpio,10563.904204364024,1879,1.232627469649495
Tropical,Saturn,Taurus,10590.678546471,1431,1.4892027800485317
Tropical,Saturn,Virgo,10371.281087333718,1729,-0.6132567670057482
Vedic,Saturn,Aquarius,10522.13024911032,1405,0.8323126647892756
Vedic,Saturn,Aries,10624.64003164557,1264,1.8146516207880197
Vedic,Saturn,Cancer,10115.809405940594,1616,-3.0614112609504547
Vedic,Saturn,Capricorn,10474.408740359897,1945,0.37500316783023835
Vedic,Saturn,Gemini,10006.52105593966,1591,-4.108708416281225
Vedic,Saturn,Leo,10237.551685393259,1780,-1.8947695928022035
Vedic,Saturn,Libra,10579.426263678999,1919,1.3813735031042054
Vedic,Saturn,Pisces,10819.009313154831,859,3.6772691422950796
Vedic,Saturn,Sagittarius,10683.86737804878,1968,2.382220180523283
Vedic,Saturn,Scorpio,10640.11214953271,1926,1.9629190715273352
Vedic,Saturn,Taurus,10181.046313223644,1641,-2.4362537997980866
Vedic,Saturn,Virgo,10457.419016030957,1809,0.2121926765070508
