source,question_type,outcome,moon_phase,via_combusta,moon_void,moon_sign
synthetic,lost_item,False,303.26233260415637,False,False,11
synthetic,job,True,152.76055403665475,False,True,1
synthetic,job,False,322.52547715807077,False,False,5
synthetic,lawsuit,False,266.8378003945289,False,False,5
synthetic,journey,True,57.87836622615626,True,False,7
synthetic,health,True,237.40815971058873,False,False,11
synthetic,lost_item,True,49.511972994919766,False,False,2
synthetic,job,False,272.72305900213075,False,False,0
synthetic,relationship,True,117.29118296491674,False,False,11
synthetic,lost_item,False,141.66549520251743,False,False,0
synthetic,journey,True,298.74752957933174,False,False,5
synthetic,job,False,210.64909254554522,False,False,3
synthetic,lawsuit,False,345.11823145843005,False,False,4
synthetic,lawsuit,True,293.432621811084,False,False,2
synthetic,lost_item,True,82.81070037137624,False,False,2
synthetic,lost_item,False,347.8075856460435,False,True,3
synthetic,lost_item,True,279.96726611563645,False,False,4
synthetic,journey,True,358.7112754532941,False,False,1
synthetic,relationship,True,43.587689512728275,False,False,9
synthetic,relationship,True,103.01795813335316,False,False,4
synthetic,relationship,True,167.18039786449646,False,False,6
synthetic,job,True,136.73761410209408,False,False,9
synthetic,journey,False,279.68338574817477,True,False,6
synthetic,relationship,False,169.32283299432459,False,False,9
synthetic,lost_item,False,179.09665091277952,False,False,9
synthetic,lost_item,False,165.60725913596562,False,False,4
synthetic,lost_item,True,46.30438747037641,False,False,1
synthetic,relationship,True,199.37760430513458,False,False,8
synthetic,lawsuit,True,182.33192202368005,False,False,5
synthetic,relationship,True,315.46620056451155,False,False,0
synthetic,lost_item,False,175.89750383790005,False,False,9
synthetic,health,False,250.6028707808064,False,True,11
synthetic,relationship,True,292.8258890309682,False,False,7
synthetic,lost_item,True,197.69688016777957,False,False,1
synthetic,lost_item,True,212.68671834934025,False,False,10
synthetic,health,False,307.4645510598107,False,False,1
synthetic,lost_item,True,108.41244747622908,False,False,4
synthetic,relationship,False,281.4390937660579,False,False,10
synthetic,journey,False,349.19031588787544,False,False,8
synthetic,lost_item,False,305.16180566847873,False,False,3
synthetic,lost_item,False,207.26938954474252,False,False,5
synthetic,lost_item,True,166.51627302399598,False,False,10
synthetic,job,True,83.21407374511733,False,False,11
synthetic,lawsuit,False,101.94592503319619,False,True,3
synthetic,lawsuit,True,65.98728696086289,True,False,7
synthetic,lost_item,False,253.08921144025797,False,False,2
synthetic,lawsuit,True,111.82605129073863,False,False,2
synthetic,relationship,True,141.17130909868183,False,True,2
synthetic,relationship,False,70.34480755771577,False,True,9
synthetic,lawsuit,False,266.60529160688634,False,False,5
synthetic,journey,False,101.87329773645965,False,False,10
synthetic,journey,True,16.92003523806764,False,False,7
synthetic,job,False,35.43174922518742,False,False,9
synthetic,job,False,359.1727451800581,False,False,4
synthetic,lawsuit,False,312.9728316478395,True,False,6
synthetic,lost_item,False,57.33024120143982,False,False,4
synthetic,relationship,False,292.1500345083766,False,False,0
synthetic,lost_item,False,312.89765055937306,False,False,0
synthetic,lawsuit,True,153.8821091645751,False,False,4
synthetic,journey,True,359.9541874998973,False,False,11
synthetic,relationship,False,150.42760122204737,False,False,1
synthetic,job,True,261.5139266388109,False,False,3
synthetic,relationship,False,5.623115345056505,False,False,5
synthetic,lawsuit,False,68.04081005399918,False,False,4
synthetic,lawsuit,True,139.22663758981355,False,True,9
synthetic,health,False,125.46653739551681,False,False,9
synthetic,lost_item,False,113.47306565958183,False,False,1
synthetic,relationship,False,96.39743341623637,True,False,6
synthetic,lost_item,False,298.01412849312663,True,False,7
synthetic,lost_item,False,78.66845634105624,False,False,3
synthetic,relationship,True,72.65246546318326,False,False,0
synthetic,journey,True,127.5595888126515,False,False,2
synthetic,lost_item,True,151.94068958847487,False,False,10
synthetic,lawsuit,True,24.794702629841783,False,False,1
synthetic,health,True,183.01134401290398,False,False,7
synthetic,job,True,130.62812291925837,False,False,10
synthetic,job,True,246.97678158449804,False,False,9
synthetic,lawsuit,False,43.395591346494,False,False,5
synthetic,lost_item,True,325.9024269098164,False,False,8
synthetic,job,True,357.8469701681445,False,False,1
synthetic,lost_item,False,214.41636194278703,False,False,8
synthetic,lawsuit,True,319.63761751063714,False,False,3
synthetic,journey,True,135.66848914562968,False,False,8
synthetic,job,False,107.1573665455636,False,True,10
synthetic,lost_item,False,157.86151278230756,False,False,0
synthetic,job,False,261.4621320894072,False,False,4
synthetic,relationship,False,330.1853440798143,False,False,4
synthetic,lawsuit,False,77.57703392257069,False,False,6
synthetic,lost_item,False,171.7008398877369,False,False,11
synthetic,journey,True,144.0665209954406,False,True,11
synthetic,job,True,311.45276815548164,False,False,8
synthetic,job,False,54.83300531018443,False,False,1
synthetic,relationship,True,358.79749481752606,False,False,9
synthetic,journey,True,264.1709619347707,False,False,1
synthetic,lawsuit,False,329.8048442377301,False,False,4
synthetic,health,False,43.788230426711976,False,False,3
synthetic,lawsuit,True,44.664018085682216,True,False,7
synthetic,health,False,330.6731401945367,False,True,4
synthetic,lawsuit,True,107.57220174946306,False,True,7
synthetic,journey,True,284.4888149303448,False,False,5
synthetic,job,False,321.05884850012364,False,False,5
synthetic,job,True,24.98115424981475,True,False,7
synthetic,journey,True,348.5637731713916,False,True,3
synthetic,journey,True,99.8719783079228,False,False,1
synthetic,relationship,True,131.97306422888536,False,False,0
synthetic,lawsuit,True,190.39814067603822,False,True,1
synthetic,lost_item,True,350.19675913526567,False,True,7
synthetic,lawsuit,False,324.64610757828126,True,False,7
synthetic,journey,True,30.90204056874839,True,False,7
synthetic,job,True,18.373397279674293,False,True,11
synthetic,health,True,206.14104361040296,False,False,3
synthetic,job,False,82.6371073167382,False,False,9
synthetic,journey,False,288.8164252242227,False,False,9
synthetic,relationship,False,53.34181888992927,False,False,8
synthetic,job,False,24.902291314121136,False,True,2
synthetic,lost_item,False,70.48982829803558,False,True,5
synthetic,health,False,97.07575298303931,False,False,11
synthetic,relationship,True,195.88068481158402,False,False,1
synthetic,health,True,288.15744780737003,False,False,11
synthetic,health,True,327.1024908510281,False,False,6
synthetic,journey,True,212.69390593079922,False,False,1
synthetic,job,True,150.22162515841134,False,False,5
synthetic,lawsuit,False,183.80182712659294,False,False,11
synthetic,lost_item,False,345.1848918653666,False,False,5
synthetic,job,True,359.14087579018815,False,False,10
synthetic,health,False,288.1404922514606,False,False,1
synthetic,lawsuit,True,70.1820664841263,False,False,10
synthetic,relationship,False,200.54935223127714,False,False,3
synthetic,health,False,34.729875091762665,False,False,8
synthetic,journey,True,106.96770943309951,False,False,11
synthetic,journey,False,148.96614520490706,False,False,5
synthetic,journey,False,276.2450770566305,False,False,5
synthetic,relationship,False,264.0945080298585,False,False,3
synthetic,journey,True,275.36899976282155,False,False,5
synthetic,lost_item,False,79.61480458668277,False,True,7
synthetic,journey,False,253.2277586324323,False,False,10
synthetic,lost_item,True,95.53321452867985,False,False,9
synthetic,health,False,202.19418945931037,True,False,7
synthetic,relationship,False,137.75276319123918,False,False,4
synthetic,relationship,True,263.943178792078,False,False,3
synthetic,job,True,351.71888780000097,False,False,7
synthetic,lost_item,True,117.01469274766183,False,False,1
synthetic,lost_item,True,142.97858242809218,False,False,7
synthetic,journey,False,300.1426503054871,False,False,6
synthetic,journey,True,49.31646762104839,False,False,9
synthetic,job,True,338.06667580711405,False,False,10
synthetic,lost_item,False,25.4195463174685,False,False,7
synthetic,lawsuit,True,111.96953215876721,False,False,3
synthetic,lost_item,True,308.9189200253805,False,True,10
synthetic,lost_item,True,315.79933049610787,False,False,11
synthetic,relationship,False,20.55025220357433,False,False,5
synthetic,health,False,188.24171834760415,False,False,9
synthetic,relationship,True,135.28974218774178,False,False,6
synthetic,relationship,False,88.0269979531283,False,False,5
synthetic,job,True,23.104595071766482,True,False,6
synthetic,lost_item,False,257.9485774737442,True,False,6
synthetic,journey,True,339.73188088364594,False,False,9
synthetic,lawsuit,False,199.0525067395377,True,False,6
synthetic,lawsuit,True,353.84167118421107,False,False,11
synthetic,lawsuit,False,60.400030933992134,False,False,3
synthetic,journey,True,314.5365664793966,False,True,7
synthetic,lawsuit,True,336.22529287883214,False,False,0
synthetic,relationship,True,62.227815099082136,False,False,8
synthetic,relationship,True,230.57811706229793,False,False,5
synthetic,journey,True,106.58499531752304,False,False,8
synthetic,lost_item,False,336.6085905551383,False,False,10
synthetic,lawsuit,False,95.62574688264843,False,False,8
synthetic,relationship,True,140.74115192963373,False,False,9
synthetic,lawsuit,False,87.2078197691738,True,False,7
synthetic,journey,True,305.7111835358201,False,False,11
synthetic,journey,True,317.7068327978803,False,False,0
synthetic,health,False,54.20135976528647,False,False,7
synthetic,job,False,83.00103145024285,False,False,6
synthetic,health,True,259.1363588948584,False,False,1
synthetic,lost_item,False,186.2568346878998,False,True,11
synthetic,relationship,True,104.71437197115267,False,True,7
synthetic,lost_item,False,108.11431475416154,False,False,8
synthetic,health,True,306.7502259775537,False,False,9
synthetic,lawsuit,True,328.79945153949006,False,False,8
synthetic,relationship,True,87.97914245769408,False,True,11
synthetic,health,False,113.97044164543712,True,False,7
synthetic,lost_item,True,145.12503134188665,False,False,3
synthetic,journey,True,152.32426341911776,False,True,8
synthetic,lost_item,False,230.65279246941697,False,False,11
synthetic,lost_item,True,256.5759934926182,False,True,8
synthetic,health,False,161.43996173511576,False,False,6
synthetic,health,True,252.7038549103446,False,False,9
synthetic,health,False,220.58463405197656,False,False,9
synthetic,job,False,267.490192914056,False,False,2
synthetic,journey,True,261.3937947396053,False,False,5
synthetic,lawsuit,True,42.013594265502945,False,False,9
synthetic,relationship,False,335.10594378838545,False,False,9
synthetic,lawsuit,True,181.79771044996545,False,False,6
synthetic,lost_item,False,254.4206839287608,False,False,4
synthetic,relationship,True,204.06156238008774,False,False,5
synthetic,relationship,True,167.53664281954195,False,False,2
synthetic,relationship,True,15.005008154129982,False,True,0
synthetic,relationship,False,195.36887968471697,False,False,2
synthetic,lawsuit,True,239.81495812112433,False,False,2
synthetic,health,False,4.537115288038947,False,False,1
synthetic,health,True,69.76144211351152,False,False,3
synthetic,job,False,89.41910601594503,False,False,1
synthetic,lawsuit,False,142.13593942225003,False,False,2
synthetic,journey,True,176.65741771212032,False,False,6
synthetic,lawsuit,False,28.152262508111654,False,False,2
synthetic,health,True,43.149754483067056,False,False,10
synthetic,journey,False,307.07097810814184,False,False,5
synthetic,job,True,212.4329979269915,True,False,7
synthetic,job,False,327.6473474379328,False,False,2
synthetic,health,False,267.7427769118562,False,False,10
synthetic,health,True,82.86573276640803,False,False,4
synthetic,health,True,42.35475050970496,False,True,11
synthetic,lost_item,True,104.00368405783016,False,False,11
synthetic,journey,False,285.184917766083,False,False,2
synthetic,lawsuit,False,192.3734734412725,False,False,2
synthetic,health,False,121.08265766493841,False,False,11
synthetic,relationship,True,190.64174969509943,False,False,5
synthetic,lost_item,True,211.1338559555033,False,False,6
synthetic,journey,True,162.27725318737865,False,False,5
synthetic,journey,False,207.26936089467262,False,False,5
synthetic,lawsuit,False,158.7356636112578,False,False,7
synthetic,health,True,275.89376735674705,False,False,4
synthetic,job,False,31.436248841598456,True,False,7
synthetic,relationship,True,229.75915779954647,False,False,6
synthetic,relationship,False,206.3124004364828,False,False,11
synthetic,lawsuit,True,125.17827099952852,True,False,7
synthetic,health,False,95.04945068012456,False,False,3
synthetic,lost_item,True,82.65515019747221,False,False,9
synthetic,health,True,118.74150207774784,False,False,3
synthetic,relationship,False,60.56030930961303,False,False,3
synthetic,job,False,118.2397488511852,False,True,9
synthetic,lawsuit,False,99.40711077197003,False,False,9
synthetic,relationship,False,178.76411797889372,False,False,2
synthetic,health,False,237.79097303773693,False,False,8
synthetic,health,False,308.4103956548937,False,False,1
synthetic,lost_item,True,140.2028088728529,False,False,3
synthetic,lost_item,False,321.4683459171463,False,False,1
synthetic,lawsuit,True,73.53423526506018,False,False,4
synthetic,relationship,True,124.02244715932352,False,False,8
synthetic,lawsuit,False,204.55722005761714,False,False,4
synthetic,relationship,False,75.54716290409725,False,False,4
synthetic,lost_item,True,296.74974277255046,False,False,4
synthetic,health,False,51.58535437159924,False,False,11
synthetic,lost_item,True,342.16545443755405,False,False,9
synthetic,health,False,306.51465843930214,False,True,0
synthetic,relationship,True,88.0269824552911,False,False,5
synthetic,lawsuit,False,337.526624270281,True,True,6
synthetic,lawsuit,True,51.89259528935395,False,False,1
synthetic,relationship,False,45.679707056953816,False,True,9
synthetic,health,False,136.38001734593348,True,False,7
synthetic,health,True,48.44342679509424,False,False,6
synthetic,job,False,146.7297953326518,False,False,7
synthetic,lawsuit,True,356.49704733732864,False,False,3
synthetic,health,False,36.074075809302315,False,False,0
synthetic,lawsuit,True,227.01153124050805,False,False,7
synthetic,relationship,False,65.2511213064721,False,False,6
synthetic,health,True,205.3375968084821,False,False,3
synthetic,lawsuit,False,100.92900868879417,False,False,9
synthetic,journey,False,203.16011532096766,True,False,6
synthetic,lost_item,True,223.03762235457006,False,True,7
synthetic,relationship,True,189.6322750711207,False,False,5
synthetic,lawsuit,True,294.72874113068616,False,False,9
synthetic,journey,True,248.80748906543195,False,False,7
synthetic,lawsuit,False,279.5750084295203,True,False,7
synthetic,lawsuit,False,324.768385778008,True,False,6
synthetic,lost_item,False,302.88591216404006,False,False,11
synthetic,relationship,False,106.91002484285524,False,False,5
synthetic,journey,True,9.95585186028687,False,False,1
synthetic,health,False,346.1574961248,False,False,5
synthetic,lost_item,False,327.9266149990263,False,True,8
synthetic,lost_item,False,63.21274653266221,False,False,9
synthetic,health,True,271.81986239862647,False,False,3
synthetic,lost_item,False,147.13203066378014,False,False,3
synthetic,journey,False,0.20491517856777364,False,False,9
synthetic,lost_item,False,180.53953916024875,False,False,6
synthetic,job,True,291.8369540821866,False,False,8
synthetic,lost_item,False,104.49549708738809,True,False,7
synthetic,lost_item,False,97.71939881157124,False,True,10
synthetic,lawsuit,False,191.90952760740322,False,False,11
synthetic,journey,True,353.9261183366425,False,False,11
synthetic,relationship,True,277.7499260430293,False,False,9
synthetic,lawsuit,False,69.80775545333833,False,False,5
synthetic,lawsuit,True,158.05740525502688,False,False,11
synthetic,lost_item,False,51.55084809813168,False,True,3
synthetic,lost_item,False,108.4825632835775,False,False,4
synthetic,relationship,False,347.6475516234212,False,True,8
synthetic,health,True,125.86803525073549,False,False,8
synthetic,journey,False,309.17347013715175,False,False,7
synthetic,health,True,255.72723721164388,False,True,11
synthetic,lost_item,False,115.73543706409939,False,False,1
synthetic,relationship,False,31.81856676715006,False,False,5
synthetic,lost_item,True,266.46375613824864,False,True,4
synthetic,journey,True,359.50596446197727,False,False,4
synthetic,lost_item,False,311.31133433694083,False,False,5
synthetic,lawsuit,False,71.5633768450453,False,False,3
synthetic,job,False,292.92340084681155,False,False,11
synthetic,job,False,89.27078026974851,False,False,0
synthetic,lawsuit,True,114.66857650110818,False,True,7
synthetic,relationship,True,339.9187587549035,False,False,2
synthetic,relationship,True,236.32513521455738,False,False,0
synthetic,lost_item,True,345.0706186739868,False,False,6
synthetic,job,True,136.38873590622867,False,False,9
synthetic,job,False,300.4266223494533,False,False,1
synthetic,relationship,True,154.8682084904345,False,False,8
synthetic,health,True,172.74800779393652,False,False,4
synthetic,relationship,True,212.07406558959354,False,False,6
synthetic,job,True,227.65636935555872,False,False,2
synthetic,health,True,317.81394635018876,False,False,6
synthetic,job,False,316.22481542884856,False,False,0
synthetic,health,True,355.31126978922117,False,False,0
synthetic,lost_item,False,101.89930084479158,False,False,2
synthetic,lost_item,False,288.59525053966286,False,False,0
synthetic,journey,False,234.62464079413718,False,False,9
synthetic,job,True,5.98187678593311,False,False,4
synthetic,health,False,345.78381000504316,False,False,8
synthetic,relationship,False,168.52971966154257,False,False,8
synthetic,health,True,264.56152857424223,False,True,9
synthetic,relationship,False,21.636841980263284,False,False,6
synthetic,lost_item,True,134.96922797795565,False,False,9
synthetic,lawsuit,False,127.81187619391432,False,False,8
synthetic,lost_item,False,183.715672419087,False,False,10
synthetic,health,True,11.583625853403063,False,False,3
synthetic,lawsuit,False,191.73256819992886,False,False,10
synthetic,relationship,True,111.08748140799051,False,False,1
synthetic,lawsuit,True,221.6566642905791,False,False,3
synthetic,lawsuit,False,193.2216245306373,False,False,3
synthetic,journey,True,289.2691720759545,False,False,8
synthetic,health,False,113.24010828686352,False,False,11
synthetic,health,False,329.8164483769936,False,False,0
synthetic,relationship,False,117.60308914219114,True,False,6
synthetic,journey,True,330.6777159368484,False,False,11
synthetic,lost_item,True,126.04951133562736,False,False,9
synthetic,relationship,True,153.85629894189282,False,True,11
synthetic,lost_item,False,159.34112487060418,False,False,11
synthetic,job,False,342.48940004273425,False,False,10
synthetic,health,True,4.1767669059026105,False,False,8
synthetic,lost_item,False,243.21938208859848,False,False,1
synthetic,job,True,164.0460951138279,False,False,2
synthetic,job,False,275.6817524667015,False,False,4
synthetic,journey,True,290.3427856623965,False,False,2
synthetic,journey,False,117.23310774301882,False,False,2
synthetic,journey,False,63.255574057446694,True,False,7
synthetic,job,False,350.19835735225666,False,False,11
synthetic,lawsuit,False,9.10478384507502,False,False,3
synthetic,lawsuit,False,266.665954949974,False,False,3
synthetic,health,True,33.93307758106073,False,False,10
synthetic,lawsuit,True,49.46606346846454,False,False,0
synthetic,health,True,237.35577136917112,False,False,8
synthetic,lawsuit,False,321.409847192847,False,False,4
synthetic,job,False,196.85841270344633,False,False,8
synthetic,journey,True,296.5104825931584,True,False,6
synthetic,journey,True,172.6937510474163,True,False,6
synthetic,lawsuit,True,244.18401383798505,False,False,4
synthetic,job,True,152.4623598441459,False,True,11
synthetic,job,False,246.54932807864765,False,False,3
synthetic,lawsuit,False,310.98305514849824,False,False,11
synthetic,health,False,134.62939315527734,False,False,1
synthetic,lost_item,False,9.104719519383565,False,False,6
synthetic,relationship,True,287.3899034190656,False,False,6
synthetic,health,False,140.14387660867524,False,False,4
synthetic,job,True,229.36288878196729,False,False,11
synthetic,lawsuit,False,106.33602751556792,True,True,6
synthetic,lawsuit,False,340.487717337444,False,False,0
synthetic,lawsuit,False,61.384844218621055,True,False,7
synthetic,lawsuit,False,100.61572900628818,False,False,6
synthetic,health,False,219.21222014585786,False,True,5
synthetic,job,False,321.5257398004714,False,False,8
synthetic,journey,True,168.82839735483833,False,False,6
synthetic,journey,False,241.30691789803274,False,False,5
synthetic,lawsuit,True,81.00882295864983,False,False,1
synthetic,lawsuit,True,68.57877328274179,False,False,4
synthetic,lost_item,True,18.170478824243446,False,False,5
synthetic,lawsuit,False,262.2764557203426,False,False,6
synthetic,journey,True,219.59396014008271,False,False,10
synthetic,lawsuit,True,245.40771531783733,False,False,2
synthetic,health,False,24.38332746523976,False,False,4
synthetic,relationship,False,296.4573387353171,False,False,9
synthetic,lost_item,True,99.37243221451979,False,False,2
synthetic,lost_item,False,39.83452084540677,False,False,4
synthetic,job,True,136.75653800557114,False,False,1
synthetic,lost_item,True,270.3405667807904,False,False,6
synthetic,lawsuit,True,292.0977848416993,False,True,7
synthetic,job,False,27.968589948480144,False,False,6
synthetic,journey,True,90.12322155065112,False,False,2
synthetic,lost_item,True,34.091730590624245,False,True,1
synthetic,lost_item,False,109.34758394301124,False,False,5
synthetic,health,True,229.7390971136462,False,False,4
synthetic,relationship,True,160.95030170383598,False,True,0
synthetic,health,True,26.985887081888905,False,False,11
synthetic,job,False,332.5449548567408,False,False,5
synthetic,health,False,272.7319100502965,False,True,11
synthetic,health,False,227.38391719108532,False,False,2
synthetic,lawsuit,False,131.8293284402381,False,True,2
synthetic,journey,False,32.91667219143869,False,False,9
synthetic,health,False,198.83343371636093,False,False,7
synthetic,relationship,True,305.265434818146,False,False,8
synthetic,lost_item,False,16.892556193377203,False,False,2
synthetic,lost_item,True,23.263313106938853,True,False,7
synthetic,relationship,True,332.6636199523845,False,False,1
synthetic,journey,False,58.46934229043873,True,True,6
synthetic,relationship,True,76.63142500249455,False,False,9
synthetic,relationship,False,275.3697148108552,False,False,9
synthetic,lost_item,True,208.8678644897166,False,False,6
synthetic,health,False,281.302593229664,False,True,1
synthetic,lawsuit,False,71.55180425930692,False,False,8
synthetic,lawsuit,True,125.94810892490747,False,False,6
synthetic,health,True,100.27203265517284,False,False,0
synthetic,journey,False,242.8162492332679,False,True,9
synthetic,job,False,132.86340681004106,False,False,2
synthetic,lawsuit,True,124.27468178666581,False,False,10
synthetic,lost_item,False,84.08164343536262,False,False,11
synthetic,journey,False,35.30492563607639,False,False,3
synthetic,health,False,229.5875110589694,False,False,2
synthetic,lost_item,True,110.21408392609877,False,False,11
synthetic,lawsuit,True,244.693470764546,True,False,6
synthetic,health,True,43.408903212781155,False,True,9
synthetic,relationship,False,264.36955801086873,False,True,8
synthetic,journey,False,7.834410767760403,False,False,8
synthetic,health,False,74.58850117762569,False,False,2
synthetic,job,False,11.151978888796322,False,False,4
synthetic,lawsuit,False,344.4159745236111,False,False,1
synthetic,relationship,False,203.93471856550127,False,False,11
synthetic,journey,False,4.389563125421489,False,False,5
synthetic,relationship,False,307.2899526371118,False,False,0
synthetic,relationship,True,343.7060169353858,False,False,6
synthetic,journey,False,333.05391740756835,False,False,4
synthetic,lost_item,False,47.82899435268651,False,False,1
synthetic,relationship,False,299.7199888504986,False,False,8
synthetic,relationship,False,113.37695216308433,False,False,10
synthetic,relationship,True,295.0043548479059,False,False,9
synthetic,health,True,52.103133512338246,False,False,4
synthetic,job,False,316.8618332739039,False,False,5
synthetic,job,True,279.81068868115005,False,False,2
synthetic,journey,False,233.74598639350742,False,False,5
synthetic,relationship,True,65.6603028341236,False,False,6
synthetic,lost_item,False,89.94647966254348,True,False,7
synthetic,lost_item,True,279.36712171959977,False,False,8
synthetic,lost_item,True,221.47930748201625,False,True,8
synthetic,journey,True,51.90078012312287,False,True,9
synthetic,health,True,88.90817511773537,False,False,0
synthetic,health,True,108.06521352300146,False,False,1
synthetic,journey,True,343.2957954756199,False,False,10
synthetic,journey,False,181.42877066993967,False,False,5
synthetic,job,True,343.77348223053576,False,False,10
synthetic,health,True,240.53939778789018,False,False,10
synthetic,relationship,False,40.80131273973751,False,False,8
synthetic,health,True,314.609576023631,False,False,4
synthetic,lawsuit,False,28.0336868931563,False,False,5
synthetic,lawsuit,True,95.96654873579328,False,False,9
synthetic,lawsuit,True,19.389616514740652,False,False,6
synthetic,job,True,10.930813469900158,False,True,8
synthetic,lost_item,False,258.09225072130647,False,False,1
synthetic,journey,True,134.07569862312113,False,True,5
synthetic,lost_item,False,289.9643250066914,False,False,10
synthetic,journey,True,165.2803647291407,False,False,11
synthetic,relationship,True,178.9486098519659,False,False,7
synthetic,relationship,True,267.628812419261,False,False,1
synthetic,job,True,71.55974396506335,False,False,4
synthetic,health,False,10.337368927115051,False,False,8
synthetic,lawsuit,True,220.18269958466678,False,False,8
synthetic,lost_item,False,240.7067389921929,False,False,1
synthetic,journey,True,137.5127882206279,False,False,0
synthetic,lost_item,False,78.19803790974771,False,False,5
synthetic,relationship,True,171.60576304113283,False,False,2
synthetic,journey,True,344.9475025013936,False,False,2
synthetic,job,False,183.00235412434523,False,False,7
synthetic,journey,True,329.18047247779043,False,False,5
synthetic,lawsuit,False,62.678441811264825,False,False,3
synthetic,lost_item,False,5.441433267375331,False,False,3
synthetic,lawsuit,True,249.30842285411416,False,False,10
synthetic,relationship,True,184.5472177927683,False,True,4
synthetic,journey,True,25.617629054805093,False,False,9
synthetic,relationship,False,233.49404234766448,True,False,7
synthetic,lawsuit,False,312.6634552047332,False,False,0
synthetic,health,True,351.8751275781497,False,False,10
synthetic,job,False,92.08408546952535,False,False,0
synthetic,lawsuit,False,80.9286223066016,False,False,10
synthetic,journey,False,303.0792126238596,False,True,5
synthetic,lawsuit,False,246.59841832875702,True,False,7
synthetic,health,True,237.41190433110148,False,False,2
synthetic,lawsuit,True,50.22138595548181,False,False,3
synthetic,journey,True,347.30422749967556,False,False,4
synthetic,relationship,True,329.5889612707465,False,False,4
synthetic,health,True,325.80734075192623,False,False,1
synthetic,journey,False,300.15243806146043,False,False,11
synthetic,health,True,62.375102436909714,False,True,9
synthetic,relationship,True,126.82912173491135,True,False,6
synthetic,job,False,24.839171739532787,True,False,7
synthetic,lost_item,True,3.5387336259011306,False,False,4
synthetic,lawsuit,False,66.98348611990177,False,False,4
synthetic,lost_item,False,138.17967361127762,False,False,7
synthetic,relationship,True,221.9208082793175,False,False,10
synthetic,relationship,False,332.7161810205363,False,False,1
synthetic,journey,False,97.70058258147324,False,False,11
synthetic,health,True,359.00282698028013,False,False,3
synthetic,journey,False,348.97421501918365,False,False,1
synthetic,lost_item,False,85.25318032723987,False,False,7
synthetic,lawsuit,False,213.29624226125196,False,True,2
synthetic,journey,True,337.81062591709957,False,False,11
synthetic,health,False,345.5118458163778,False,False,5
synthetic,journey,True,335.33425496190466,False,False,1
synthetic,relationship,False,20.28233084953274,False,False,9
synthetic,lost_item,True,109.78898371701854,False,False,10
synthetic,journey,False,134.84269739880298,False,False,0
synthetic,job,True,42.22601124877052,False,False,2
synthetic,lawsuit,False,306.9960683363892,False,False,3
synthetic,lost_item,True,171.1468980239693,False,False,2
synthetic,health,False,187.38051659664652,False,True,4
synthetic,relationship,True,181.4996430361756,False,True,2
synthetic,health,False,330.9769384190852,False,False,6
synthetic,relationship,False,115.16493800575279,False,False,1
synthetic,health,True,142.93334083009842,False,False,10
synthetic,journey,True,80.45694935649938,False,False,6
synthetic,lawsuit,True,207.36058727983658,False,False,4
synthetic,health,False,140.9037708136288,False,False,5
synthetic,lawsuit,False,45.97252888889824,False,False,11
synthetic,job,True,13.184818444044481,False,False,9
synthetic,job,False,209.53391395383989,False,False,9
synthetic,health,False,301.1447330257888,False,False,2
synthetic,lawsuit,False,213.4188422286918,False,False,10
synthetic,journey,True,185.16969613369662,False,False,0
synthetic,health,False,249.61899514572906,False,False,2
synthetic,journey,True,179.39924267867724,False,False,11
synthetic,lawsuit,False,99.89206217732317,False,False,1
synthetic,lost_item,True,57.84030019129824,False,False,11
synthetic,journey,False,149.43391541436625,False,False,4
synthetic,lawsuit,False,250.96092501962414,False,False,2
synthetic,lawsuit,True,0.8510685675753464,False,True,1
synthetic,relationship,True,116.46982558319468,False,False,11
synthetic,health,False,38.39732062718869,False,False,9
synthetic,journey,False,260.51043996567427,False,False,2
synthetic,health,False,48.23081796194779,False,False,7
synthetic,lost_item,True,182.11709303009707,False,False,1
synthetic,relationship,False,5.9790201460978665,False,False,4
synthetic,health,True,103.66060352708018,False,False,1
synthetic,lawsuit,True,63.54921183948139,False,False,8
synthetic,health,False,215.77296102473608,False,False,1
synthetic,health,False,217.5679767632406,False,False,2
synthetic,journey,False,99.37833890243394,False,False,0
synthetic,journey,True,294.35277627697826,False,False,9
synthetic,job,True,64.70717915581928,False,False,5
synthetic,health,False,254.52659407093958,False,True,8
synthetic,health,True,148.04483924566517,False,False,1
synthetic,lawsuit,True,294.02647813689475,False,False,3
synthetic,relationship,True,115.34112128096868,False,False,1
synthetic,health,False,161.2350225605883,False,False,3
synthetic,job,True,3.558653465495439,False,False,2
synthetic,health,True,233.00465173868088,False,False,9
synthetic,relationship,False,262.77796062698644,False,False,3
synthetic,lost_item,False,162.59583198164745,False,False,6
synthetic,lost_item,True,306.1368303891499,False,False,4
synthetic,lawsuit,False,23.71599211626281,False,False,6
synthetic,lawsuit,False,44.23855930003853,False,False,5
synthetic,lawsuit,False,206.73636870517015,False,False,2
synthetic,health,True,226.92725194100228,False,False,4
synthetic,journey,True,106.80065523407845,False,False,8
synthetic,lawsuit,False,45.351427700159405,False,False,4
synthetic,journey,False,317.1390620218738,False,False,11
synthetic,job,True,127.08499656035472,True,False,6
synthetic,journey,True,199.74570079011335,False,False,10
synthetic,job,True,101.724479519282,False,False,10
synthetic,relationship,True,247.8161183869929,False,False,8
synthetic,job,True,227.0263799121244,False,False,11
synthetic,job,True,238.99057233563937,False,False,2
synthetic,relationship,True,55.84260015746406,False,False,11
synthetic,lawsuit,True,162.73843023451658,False,False,6
synthetic,lost_item,False,204.91299349398986,False,False,9
synthetic,journey,False,319.8637508753976,False,False,0
synthetic,health,False,236.5077612201814,False,False,0
synthetic,job,False,270.4600189113275,False,False,3
synthetic,relationship,False,150.6351568329296,False,False,6
synthetic,lawsuit,False,152.02725690296216,True,False,6
synthetic,job,False,180.73571139623036,False,False,1
synthetic,lost_item,True,24.65708374002179,False,False,11
synthetic,lawsuit,False,20.962655255519863,False,False,4
synthetic,relationship,True,84.90687877744728,False,False,9
synthetic,health,True,250.92560859525616,False,False,2
synthetic,lawsuit,False,132.31803808631565,False,False,10
synthetic,journey,True,143.95284365153995,False,False,5
synthetic,relationship,False,125.11798669368952,True,False,6
synthetic,lost_item,True,166.55402240743342,False,True,8
synthetic,journey,True,76.61375203873058,False,False,10
synthetic,lawsuit,True,259.8274095623563,False,False,9
synthetic,lawsuit,False,165.30389158709505,False,False,5
synthetic,lawsuit,False,336.10832357586634,True,False,6
synthetic,health,True,255.96097975686186,False,False,5
synthetic,lost_item,False,332.2278651222091,False,False,1
synthetic,relationship,False,329.70551516707565,False,False,11
synthetic,relationship,True,139.55395885132657,False,False,2
synthetic,journey,False,259.9260318451209,False,False,5
synthetic,journey,True,284.78850583797396,False,False,9
synthetic,health,True,213.75205105161575,False,False,11
synthetic,job,False,83.29107206461379,False,False,10
synthetic,lawsuit,False,151.2749328832693,False,False,0
synthetic,relationship,True,96.46893171683234,False,False,0
synthetic,relationship,False,72.12149096527232,False,False,3
synthetic,journey,False,300.92556845206093,False,False,5
synthetic,relationship,False,187.29166740621937,False,True,4
synthetic,lawsuit,False,30.321872772883637,False,False,0
synthetic,job,False,253.8654625089549,False,False,9
real_ipo,business,True,218.68822140330144,False,False,1
real_ipo,business,True,301.1771925284628,False,False,5
real_ipo,business,False,145.56505339132485,False,False,1
real_ipo,business,False,347.6762872420837,True,True,6
real_ipo,business,True,160.2311450165784,False,False,3
real_ipo,business,False,157.95742820784355,False,False,6
real_ipo,business,True,180.0858718548779,True,False,7
real_ipo,business,True,187.2114256320919,True,False,6
real_ipo,business,False,226.4225733402091,False,False,2
real_ipo,business,False,213.1646762492071,False,False,2
real_ipo,business,True,161.31081187797417,False,False,11
real_ipo,business,True,61.575886014157135,False,False,4
real_ipo,business,False,154.77743122949678,False,False,5
real_ipo,business,False,128.89547268929704,False,False,4
real_ipo,business,True,267.8131376462767,False,False,10
real_ipo,business,False,64.11292401533717,False,False,8
real_ipo,business,True,148.01264009803228,False,False,11
real_ipo,business,False,196.43038467920917,False,False,2
real_ipo,business,False,234.97409249685782,False,False,1
real_ipo,business,False,28.321902494994067,False,False,1
real_ipo,business,True,3.012789867785443,False,True,11
real_ipo,business,True,279.1907749168412,False,False,9
real_ipo,business,True,125.37227439932238,False,False,10
real_ipo,business,False,350.1192142736852,False,False,11
real_ipo,business,False,165.04431666465274,False,False,9
real_ipo,business,False,180.16050183363063,True,False,7
real_ipo,business,False,346.5149748694837,False,False,10
real_ipo,business,True,198.659074947756,True,False,6
real_ipo,business,True,284.18946924397585,False,False,0
real_ipo,business,True,122.201906641406,False,False,11
real_ipo,business,True,229.13828777578465,False,False,3
real_ipo,business,True,285.9443400039129,False,False,7
real_ipo,business,True,65.67986695185472,False,False,5
real_ipo,business,True,348.60151670947386,False,False,1
real_ipo,business,True,258.6812098369486,False,False,4
real_ipo,business,True,167.05177053693058,False,False,1
real_ipo,business,False,129.3586178439637,False,True,1
real_ipo,business,True,283.4837575795747,False,False,5
real_ipo,business,False,144.44807207698142,False,False,0
real_ipo,business,True,312.7626735694837,False,False,2
real_ipo,business,True,334.4877598792244,False,False,11
real_ipo,business,True,250.87809177353262,False,False,2
real_ipo,business,False,0.6987311662339835,False,False,11
real_ipo,business,False,197.6013116629362,False,True,10
real_ipo,business,True,188.11325890263169,False,False,10
real_ipo,business,True,192.29583029816172,False,False,10
real_ipo,business,False,50.40043868004445,False,False,3
real_ipo,business,True,139.1639024156563,True,False,6
real_ipo,business,False,218.77080608440323,False,False,2
real_ipo,business,False,12.099642824433232,False,False,5
real_ipo,business,True,306.32683076579866,False,False,8
real_ipo,business,False,336.9890797714163,False,False,2
real_ipo,business,True,77.67747259983494,False,False,2
real_ipo,business,False,300.94521040779216,True,False,7
real_ipo,business,True,264.2899831490571,False,False,8
real_ipo,business,True,190.006326796749,False,False,3
real_ipo,business,True,343.2929617194137,False,False,2
real_ipo,business,False,35.69177943001836,False,False,4
real_ipo,business,False,313.17988589313734,False,False,4
real_ipo,business,True,132.80936232598026,False,False,1
real_ipo,business,True,215.84229718668234,True,False,6
real_ipo,business,False,267.29124079739927,False,False,4
real_ipo,business,False,329.85612418001404,False,False,10
real_ipo,business,True,9.823718755219993,False,False,1
real_ipo,business,False,223.9148137406609,True,False,6
real_ipo,business,True,107.57552839627144,False,True,10
real_ipo,business,True,157.74405410752763,False,False,5
real_ipo,business,False,340.93950927779434,False,False,8
real_ipo,business,False,14.681413330778241,False,False,0
real_ipo,business,False,168.2615377857838,True,False,6
real_ipo,business,False,209.72900415320214,True,False,7
real_ipo,business,False,226.8286657363684,False,False,6
real_ipo,business,False,130.2617175823315,False,False,3
real_ipo,business,False,44.736170862338895,False,False,8
real_ipo,business,True,296.9404172521439,False,False,2
real_ipo,business,True,3.012789867785443,False,True,11
real_ipo,business,True,129.3148113471062,False,False,11
real_ipo,business,False,71.08022526143776,False,False,1
real_ipo,business,True,305.9709672618487,False,False,5
real_ipo,business,False,191.01542828725198,False,False,10
real_ipo,business,True,87.80023980655366,False,False,5
real_ipo,business,True,315.5643236637086,False,False,5
real_ipo,business,False,17.152765511018927,False,False,1
real_ipo,business,False,26.600177957797257,False,False,5
real_ipo,business,True,225.90317204125228,False,False,9
real_ipo,business,False,355.0441014656677,False,False,2
real_ipo,business,True,128.02269480991527,False,False,11
real_ipo,business,False,217.82306387807552,False,False,3
real_ipo,business,False,302.2589355097369,True,False,7
real_ipo,business,False,127.52427452349487,False,False,8
real_ipo,business,False,267.28303139693855,False,False,5
real_ipo,business,False,100.93481656882068,False,False,7
real_ipo,business,True,339.68984739601245,False,False,5
real_ipo,business,True,204.11416580658488,False,False,10
real_ipo,business,False,102.14486105061849,False,False,1
real_ipo,business,False,334.20999624288254,False,False,5
real_ipo,business,True,61.97282751357608,False,False,1
real_ipo,business,False,24.696765644900097,False,False,6
real_ipo,business,True,76.99015094245783,False,True,11
real_ipo,business,True,55.56539342877119,True,False,6
real_ipo,business,False,333.6267955888877,False,False,4
real_ipo,business,False,257.04083445023775,False,False,5
real_ipo,business,False,333.6267955888877,False,False,4
real_ipo,business,False,216.17895506717645,False,False,11
real_ipo,business,False,257.04083445023775,False,False,5
real_ipo,business,False,317.4745624509643,True,False,7
real_ipo,business,False,105.46395207983812,False,False,2
real_ipo,business,False,63.270336852778186,False,True,4
real_ipo,business,False,344.69371437870046,False,True,7
real_ipo,business,False,231.63264603691698,False,False,4
real_ipo,business,False,256.76867168929226,True,False,6
real_ipo,business,False,105.75991773655065,False,False,3
real_ipo,business,True,8.701072821760832,False,False,3
real_ipo,business,True,31.36233226927851,True,True,6
real_ipo,business,True,26.052213710717623,False,False,4
real_ipo,business,True,292.7621133167417,False,False,11
real_ipo,business,True,171.43083193167902,False,True,11
real_ipo,business,True,89.87183144495984,False,False,9
real_ipo,business,True,136.80432430091804,False,False,11
real_ipo,business,True,119.74800252204884,False,False,4
real_ipo,business,True,91.07261213662156,False,False,1
real_ipo,business,True,275.55714560949787,False,False,0
real_ipo,business,False,48.15544477199151,False,False,10
real_ipo,business,True,107.57552839627144,False,True,10
real_ipo,business,True,261.08304326744235,True,False,6
real_ipo,business,False,344.16592238580233,False,False,2
real_ipo,business,False,302.2589355097369,True,False,7
real_ipo,business,True,16.442618732603904,False,False,4
real_ipo,business,True,64.44760128369342,False,False,1
real_ipo,business,False,163.48724762957858,False,False,0
real_ipo,business,True,65.46861044251872,False,False,8
real_ipo,business,False,218.60841081781507,False,False,2
real_ipo,business,False,125.03485628171609,False,False,11
real_ipo,business,False,237.07610666273857,False,False,9
real_ipo,business,True,86.86588937157433,False,False,10
real_ipo,business,True,151.95726252658665,False,True,4
real_ipo,business,False,166.85662855521835,False,False,2
real_ipo,business,True,266.7410763177071,False,False,2
real_ipo,business,True,356.4514585835217,False,False,8
real_ipo,business,True,284.980826708547,False,False,3
real_ipo,business,True,23.691904549351023,False,False,11
real_ipo,business,True,236.90031686497264,False,False,11
real_ipo,business,False,74.06920032425722,False,False,6
real_ipo,business,True,63.876796320321546,False,False,10
real_ipo,business,True,191.39441369560708,False,False,7
real_ipo,business,True,142.81078175527608,False,False,0
real_ipo,business,True,19.16929469818882,False,False,5
real_ipo,business,True,203.86059383620656,False,True,8
real_ipo,business,True,103.50099471484916,False,False,10
real_ipo,business,True,257.620416599295,False,False,2
real_ipo,business,True,160.2311450165784,False,False,3
real_ipo,business,False,334.44285712349244,False,False,2
real_ipo,business,True,223.9148137406609,True,False,6
real_ipo,business,False,55.5825692510941,False,False,9
real_ipo,business,False,357.3031488337394,False,False,9
real_ipo,business,True,318.2771995689971,False,False,11
real_ipo,business,True,15.809161409294688,False,False,11
real_ipo,business,False,316.05357234838954,False,False,2
real_ipo,business,False,40.30347308698896,True,False,7
real_ipo,business,True,223.9148137406609,True,False,6
real_ipo,business,False,235.4383329249451,True,True,6
real_ipo,business,False,302.2589355097369,True,False,7
real_ipo,business,False,223.9148137406609,True,False,6
real_ipo,business,True,27.670277254117593,False,False,0
real_ipo,business,False,251.90372654243023,False,False,2
real_ipo,business,False,258.001347476241,False,False,4
real_ipo,business,False,31.900613579932156,False,False,10
real_ipo,business,True,300.4605986781914,False,False,3
real_ipo,business,True,189.65982342190443,False,True,8
real_ipo,business,False,10.305204506396251,False,False,10
real_ipo,business,True,267.33267029161493,False,False,5
real_ipo,business,True,171.97267261605825,False,False,1
real_ipo,business,True,16.624749904511873,False,False,9
real_ipo,business,True,125.41598556627268,False,False,5
real_ipo,business,False,109.84192216593982,False,False,2
real_ipo,business,False,39.93198838785469,False,False,5
real_ipo,business,True,3.012789867785443,False,True,11
real_ipo,business,True,316.9491858324273,False,False,8
real_ipo,business,False,333.37224271533285,False,False,2
real_ipo,business,False,293.0715237154722,False,False,1
real_ipo,business,False,356.5020434120403,False,False,10
real_ipo,business,False,259.9161140292729,False,False,11
real_ipo,business,False,269.24424196278045,False,False,8
real_ipo,business,True,25.752262030115077,False,False,5
real_ipo,business,True,316.7307599932234,False,False,3
real_ipo,business,False,302.2589355097369,True,False,7
real_ipo,business,True,309.5764273700893,False,False,8
real_ipo,business,False,137.31476872709771,False,False,8
real_ipo,business,True,78.13791760952608,False,False,8
real_ipo,business,True,293.30026057661496,False,False,4
real_ipo,business,True,3.012789867785443,False,True,11
real_ipo,business,False,97.14064298657522,False,False,3
real_ipo,business,True,45.73175722397548,False,False,0
real_ipo,business,True,321.193929870971,False,False,5
real_ipo,business,False,255.1246493959468,False,False,8
real_ipo,business,False,316.05357234838954,False,False,2
real_ipo,business,True,348.6545687351378,False,False,11
real_ipo,business,True,151.2611212692554,False,True,9
real_ipo,business,False,16.00980321873847,False,False,2
real_ipo,business,False,223.9148137406609,True,False,6
real_ipo,business,True,256.61283439631313,False,False,8
real_ipo,business,False,143.57693346430662,False,False,5
real_ipo,business,True,3.012789867785443,False,True,11
real_ipo,business,True,191.01542828725198,False,False,10
real_ipo,business,True,357.82877115466965,False,False,9
real_ipo,business,True,155.31216484446625,False,False,10
real_ipo,business,True,258.99356004620705,False,False,10
real_ipo,business,False,252.74620414100121,False,False,0
real_ipo,business,False,344.16925360791737,False,False,1
real_ipo,business,False,67.11555891738328,False,True,1
real_ipo,business,True,140.6086806651319,False,False,10
real_ipo,business,False,79.81374077845307,True,False,6
real_ipo,business,False,248.77099280944898,False,False,9
real_ipo,business,False,274.6699006177515,False,False,10
real_ipo,business,False,96.95273763323206,False,False,3
real_ipo,business,False,1.6091675912866208,True,False,7
real_ipo,business,False,77.81868245126779,False,False,8
real_ipo,business,True,147.1172196958545,False,False,11
real_ipo,business,False,206.86625757960246,False,False,9
real_ipo,business,True,108.68787154930106,False,False,0
real_ipo,business,False,78.95098631403715,False,False,11
real_ipo,business,False,43.425086770761425,False,False,10
real_ipo,business,True,287.7638043371666,False,False,2
real_ipo,business,False,55.56539342877119,True,False,6
real_ipo,business,False,21.23368063176825,False,False,3
real_ipo,business,True,124.19304392924025,False,True,4
real_ipo,business,True,141.85605351911084,False,False,4
real_ipo,business,False,55.56539342877119,True,False,6
real_ipo,business,True,3.012789867785443,False,True,11
real_ipo,business,True,135.5256788633742,False,False,9
real_ipo,business,False,70.75376450184038,True,True,6
real_ipo,business,True,273.7230403998927,False,False,11
real_ipo,business,False,154.6574992292093,False,False,8
real_ipo,business,False,110.78202235214647,False,False,7
real_ipo,business,False,251.41804711640094,False,False,11
real_ipo,business,False,2.327995433270587,True,True,6
real_ipo,business,False,56.564374814128854,False,False,10
real_ipo,business,False,269.10748890794696,False,False,3
real_ipo,business,False,325.1478379870881,False,False,9
real_ipo,business,False,152.49867986771326,False,False,0
real_ipo,business,False,337.7822052317982,False,True,9
real_ipo,business,False,133.13965779943624,True,False,6
real_ipo,business,True,101.08682300256146,True,False,6
real_ipo,business,True,318.49455159837055,False,False,5
real_ipo,business,True,3.012789867785443,False,True,11
real_ipo,business,False,133.13965779943624,True,False,6
real_ipo,business,False,218.44984874719862,False,False,11
real_ipo,business,False,350.1192142736852,False,False,11
real_ipo,business,True,191.38529135635753,False,False,3
real_ipo,business,True,30.878774264294208,False,False,4
real_ipo,business,True,200.74493479272996,False,False,7
real_ipo,business,False,48.495758362825484,False,False,0
real_ipo,business,False,133.13965779943624,True,False,6
real_ipo,business,False,173.28681094090857,True,False,7
real_ipo,business,True,228.6624597430975,False,False,2
real_ipo,business,True,262.9210146447548,True,False,6
real_ipo,business,True,290.00131845593836,False,False,5
real_ipo,business,False,341.5674771852241,False,False,5
real_ipo,business,True,52.623097313882056,False,False,7
real_ipo,business,False,309.3977182105609,True,True,6
real_ipo,business,False,173.33783245572516,False,True,7
real_ipo,business,False,61.575886014157135,False,False,4
real_ipo,business,False,187.5515870051637,False,False,1
real_ipo,business,False,299.85702668489813,False,False,2
real_ipo,business,False,168.94997692610858,True,False,6
real_ipo,business,True,171.6142733783751,False,False,3
real_ipo,business,False,213.64292141296738,False,False,4
real_ipo,business,False,182.45310473996406,False,False,4
real_ipo,business,False,177.1002271977568,False,True,0
real_ipo,business,True,155.68496183832357,False,False,5
real_ipo,business,False,50.187624372714595,False,False,8
real_ipo,business,False,223.9148137406609,True,False,6
real_ipo,business,True,291.0500447748077,True,False,7
real_ipo,business,True,88.68945993232856,False,False,9
real_ipo,business,True,78.83633243598041,False,False,0
real_ipo,business,False,281.17111606982735,False,False,1
real_ipo,business,False,243.70520758842866,True,False,6
real_ipo,business,False,21.058684003330207,False,True,1
real_ipo,business,False,101.26755501427098,False,False,5
real_ipo,business,True,105.94771408838065,False,False,8
real_ipo,business,True,177.70553401368022,False,False,0
real_ipo,business,False,242.59261966394874,False,False,11
real_ipo,business,False,2.5748984558665597,False,True,2
real_ipo,business,False,41.52485575131624,False,False,10
real_ipo,business,True,344.16592238580233,False,False,2
real_ipo,business,True,339.97012065713363,False,False,11
real_ipo,business,False,251.14562193939574,False,False,11
real_ipo,business,True,115.85098304968298,True,False,7
real_ipo,business,True,150.355848936653,False,False,2
real_ipo,business,False,93.09258297674425,False,False,4
real_ipo,business,True,356.52620358679764,False,False,4
real_ipo,business,False,77.82386578832411,False,False,5
real_ipo,business,True,329.47073739340334,False,True,0
real_ipo,business,True,17.252153206121193,False,False,0
real_ipo,business,False,35.69177943001836,False,False,4
real_ipo,business,True,297.7641733844419,False,False,9
real_ipo,business,False,331.25082290900934,True,True,6
real_ipo,business,True,167.05295557921656,False,False,11
real_ipo,business,False,40.34142157280303,False,False,4
real_ipo,business,False,81.27330559682949,False,False,8
real_ipo,business,True,15.761807464988351,False,False,10
real_ipo,business,False,145.56505339132485,False,False,1
real_ipo,business,True,3.012789867785443,False,True,11
real_ipo,business,False,223.9148137406609,True,False,6
real_ipo,business,False,259.787723360599,False,False,1
real_ipo,business,True,193.28300389001006,False,False,11
real_ipo,business,False,164.33702204336018,False,False,11
real_ipo,business,True,273.7230403998927,False,False,11
real_ipo,business,True,57.37365063540565,False,False,10
real_ipo,business,True,135.04992311291088,False,False,2
real_ipo,business,False,79.79418361903774,False,False,9
real_ipo,business,False,87.93631626064789,False,False,5
real_ipo,business,False,352.64418205103584,False,False,2
real_ipo,business,True,3.012789867785443,False,True,11
real_ipo,business,True,313.17988589313734,False,False,4
real_ipo,business,True,306.59846798100875,False,False,8
real_ipo,business,True,109.52893754385042,False,False,9
real_ipo,business,False,349.09928878892407,False,False,5
real_ipo,business,False,333.50336294120825,False,False,11
real_ipo,business,True,338.7317266916151,True,False,6
real_ipo,business,True,73.78663992778581,False,False,10
real_ipo,business,True,127.39557244497684,False,False,0
real_ipo,business,True,159.81913245331165,True,False,7
real_ipo,business,False,235.85108288562947,True,False,7
real_ipo,business,False,72.2932696495838,False,True,1
real_ipo,business,True,306.66932184739585,False,False,11
real_ipo,business,True,72.12225772773358,False,False,6
real_ipo,business,True,53.596715694054296,False,False,6
real_ipo,business,True,132.67557428666362,False,False,6
real_ipo,business,True,187.5515870051637,False,False,1
real_ipo,business,False,1.7955825645943477,False,False,1
real_ipo,business,False,141.90288943816546,False,False,1
real_ipo,business,False,327.67736888661506,False,False,5
real_ipo,business,False,26.571747723200644,False,False,10
real_ipo,business,True,13.691080465942917,True,True,6
real_ipo,business,False,20.834112903245625,False,False,10
real_ipo,business,True,294.00639107318926,False,False,0
real_ipo,business,False,241.97100918893813,False,False,0
real_ipo,business,True,76.49096038513618,False,False,4
real_ipo,business,False,30.25988321551776,True,False,6
real_ipo,business,True,176.21437566411566,False,False,5
real_ipo,business,False,334.6275150263796,False,False,8
real_ipo,business,True,114.33598021365404,False,False,10
real_ipo,business,True,356.52620358679764,False,False,4
real_ipo,business,False,72.7315981524626,False,False,1
real_ipo,business,True,284.980826708547,False,False,3
real_ipo,business,True,60.473423223289444,False,False,0
real_ipo,business,True,71.25948778867777,False,False,10
real_ipo,business,False,223.9148137406609,True,False,6
real_ipo,business,False,237.12625212600818,False,False,11
real_ipo,business,False,117.9270316305527,False,False,10
real_ipo,business,True,155.17809288993115,False,False,0
real_ipo,business,False,208.36216529528633,False,True,2
real_ipo,business,True,175.1614204956942,False,True,1
real_ipo,business,False,274.6699006177515,False,False,10
real_ipo,business,False,282.3714521036352,False,False,5
real_ipo,business,True,150.355848936653,False,False,2
real_ipo,business,False,210.8765479089972,False,False,0
real_ipo,business,True,213.47194324603709,False,False,9
real_ipo,business,False,71.4081846651925,False,False,8
real_ipo,business,False,291.0500447748077,True,False,7
real_ipo,business,False,60.161515455177636,False,False,9
real_ipo,business,False,162.28443897674597,False,False,5
real_ipo,business,False,348.3064085738995,False,False,5
real_ipo,business,True,3.012789867785443,False,True,11
real_ipo,business,True,3.012789867785443,False,True,11
real_ipo,business,False,33.23346754198971,False,False,8
real_ipo,business,True,298.32426539282824,False,False,6
real_ipo,business,False,324.16952037689396,False,False,7
real_ipo,business,True,204.70913038694783,False,False,8
real_ipo,business,True,330.4150687844489,False,False,10
real_ipo,business,True,358.10251242423726,False,False,1
real_ipo,business,True,173.85736987906773,False,False,0
real_ipo,business,False,331.63326522847336,False,False,10
real_ipo,business,False,25.19059346840055,False,False,9
real_ipo,business,True,195.02095510245593,False,False,1
real_ipo,business,True,25.886461476605007,False,False,5
real_ipo,business,False,302.15876647607087,False,True,9
real_ipo,business,True,305.2926705278012,False,False,6
real_ipo,business,True,205.03516253830946,False,False,4
real_ipo,business,True,29.69439661746111,False,False,0
real_ipo,business,True,280.30650576046276,False,False,4
real_ipo,business,True,214.51940467297084,False,False,3
real_ipo,business,False,48.147559474828284,False,False,9
real_ipo,business,True,218.89508924387164,True,False,7
real_ipo,business,False,12.474596347257176,False,False,8
real_ipo,business,True,169.14011319259913,False,False,0
real_ipo,business,False,257.04083445023775,False,False,5
real_ipo,business,True,298.1109921100289,False,False,10
real_ipo,business,True,177.70553401368022,False,False,0
real_ipo,business,True,142.47578888607688,False,False,2
real_ipo,business,True,272.0643684977906,False,False,0
real_ipo,business,True,84.43938769440602,False,True,2
real_ipo,business,False,54.0627181087646,False,True,3
real_ipo,business,False,192.14998547456386,False,False,7
real_ipo,business,False,110.52332288891286,False,False,4
real_ipo,business,False,302.42821054021766,False,False,6
real_ipo,business,False,145.56505339132485,False,False,1
real_ipo,business,True,114.40185812562912,True,False,7
real_ipo,business,True,209.83562962305632,False,False,2
real_ipo,business,True,51.29754053220398,False,False,11
real_ipo,business,False,347.6762872420837,True,True,6
real_ipo,business,False,142.9707545437634,False,True,0
real_ipo,business,False,329.81363101253254,False,False,3
real_ipo,business,True,148.88818344364614,False,False,3
real_ipo,business,False,146.33893121958707,True,True,6
real_ipo,business,True,191.94385487474162,False,False,11
real_ipo,business,False,149.81089806743552,True,False,7
real_ipo,business,True,183.01732457336266,False,False,6
real_ipo,business,True,42.930246249372274,False,False,5
real_ipo,business,False,64.35139495713923,False,False,10
real_ipo,business,False,302.15876647607087,False,True,9
real_ipo,business,True,104.96806959199372,False,False,11
real_ipo,business,True,3.012789867785443,False,True,11
real_ipo,business,True,77.54155146243772,False,False,1
real_ipo,business,True,150.355848936653,False,False,2
real_ipo,business,True,333.76867133528197,True,False,6
real_ipo,business,False,276.8103675539646,False,False,1
real_ipo,business,True,184.87698115082884,False,False,2
real_ipo,business,True,37.69020909154883,False,False,2
real_ipo,business,True,62.37281376760228,False,False,8
real_ipo,business,True,48.41238432724353,False,False,8
real_ipo,business,True,42.59741550450347,False,False,2
real_ipo,business,False,191.33689021958958,False,False,4
real_ipo,business,False,96.19744007628788,False,True,3
real_ipo,business,False,147.9875748071806,False,False,1
real_ipo,business,True,267.3296656716259,True,False,7
real_ipo,business,True,256.45904745677944,False,False,11
real_ipo,business,False,3.012789867785443,False,True,11
real_ipo,business,True,169.2493280539986,False,False,11
real_ipo,business,True,337.3737009373639,True,False,7
real_ipo,business,False,28.46672685299518,False,False,10
real_ipo,business,True,238.16309070904202,False,False,6
real_ipo,business,False,6.918106906719089,False,False,4
real_ipo,business,False,21.212627024815646,False,True,4
real_ipo,business,True,127.88139838623286,True,False,6
real_ipo,business,False,334.44285712349244,False,False,2
real_ipo,business,True,0.602868292469168,False,False,8
real_ipo,business,False,348.7362293028074,False,False,5
real_ipo,business,True,291.50154783614823,False,True,3
real_ipo,business,False,348.4243495811925,False,False,1
real_ipo,business,False,178.57064852844775,False,False,3
real_ipo,business,True,284.4784702888081,False,False,2
real_ipo,business,False,165.87656610240248,False,False,8
real_ipo,business,False,79.84158701930812,False,False,9
real_ipo,business,True,24.931758883799574,False,False,8
real_ipo,business,True,314.20181027405533,False,False,7
real_ipo,business,False,291.50154783614823,False,True,3
real_ipo,business,True,279.7763240193431,False,False,9
real_ipo,business,True,354.17204355895257,True,False,7
real_ipo,business,False,167.85651514718842,False,False,2
real_ipo,business,False,64.35139495713923,False,False,10
real_ipo,business,True,44.21054787084029,False,True,10
real_ipo,business,True,16.39571287841987,False,False,4
real_ipo,business,False,46.841765181564966,False,False,7
real_ipo,business,False,32.030701595540144,False,False,1
real_ipo,business,True,93.24196557124941,False,False,8
real_ipo,business,True,3.012789867785443,False,True,11
real_ipo,business,True,214.85623192300605,False,False,11
real_ipo,business,False,241.30010569225908,False,False,0
real_ipo,business,False,286.6579416467911,False,False,8
real_ipo,business,True,264.2864448682834,False,False,10
real_ipo,business,True,359.23437884132574,False,False,11
real_ipo,business,True,36.45094658831812,False,False,11
real_ipo,business,False,140.8787065252233,False,False,0
real_ipo,business,True,3.012789867785443,False,True,11
real_ipo,business,False,220.43558607136382,False,False,1
real_ipo,business,False,251.25635603827067,False,False,11
real_ipo,business,False,157.25055334888359,False,False,1
real_ipo,business,True,242.64983412886173,False,False,5
real_ipo,business,True,67.57035984187999,False,False,7
real_ipo,business,True,294.1282389130437,True,False,7
real_ipo,business,False,195.7522971235827,False,False,8
real_ipo,business,True,53.6603634281156,False,False,11
real_ipo,business,True,104.25738743461878,False,False,4
real_ipo,business,False,222.03884072761323,False,False,1
real_ipo,business,False,172.96210900076716,False,False,0
real_ipo,business,False,82.62138353728469,False,False,3
real_ipo,business,True,288.4107062414459,False,False,11
real_ipo,business,True,91.77323018629338,False,False,4
real_ipo,business,True,50.83972025401542,False,False,5
real_ipo,business,False,326.54749022038936,False,False,4
real_ipo,business,True,310.2804164290303,False,False,5
real_ipo,business,False,10.305204506396251,False,False,10
real_ipo,business,False,231.55452557543148,False,True,4
real_ipo,business,False,74.40294556273312,False,False,9
real_ipo,business,True,301.9753820053555,False,False,11
real_ipo,business,False,344.7101123758018,False,False,4
real_ipo,business,True,118.25675422553083,True,False,6
real_ipo,business,True,48.06623130812247,False,False,9
real_ipo,business,False,72.56621670315184,False,False,1
real_ipo,business,True,118.25675422553083,True,False,6
real_ipo,business,True,99.09026092580467,False,False,11
real_ipo,business,False,43.55585982185622,False,True,8
real_ipo,business,True,3.012789867785443,False,True,11
real_ipo,business,True,3.012789867785443,False,True,11
real_ipo,business,False,223.9148137406609,True,False,6
real_ipo,business,False,210.72291828235052,False,False,4
real_ipo,business,True,3.9596549609649543,False,False,3
real_ipo,business,False,84.18598320338856,False,False,7
real_ipo,business,False,248.79275328745078,False,False,2
real_ipo,business,True,215.58404074573684,False,False,5
real_ipo,business,True,67.57035984187999,False,False,7
real_ipo,business,True,3.012789867785443,False,True,11
real_ipo,business,False,130.43614585303305,False,False,10
real_ipo,business,True,303.91266647310823,False,False,2
real_ipo,business,True,50.40043868004445,False,False,3
real_ipo,business,False,250.79550535439984,False,False,0
real_ipo,business,False,303.67958944527606,False,False,4
real_ipo,business,False,288.6242542505676,False,True,4
real_ipo,business,False,104.86637823103456,False,False,9
real_ipo,business,True,183.2396150188775,False,False,6
real_ipo,business,False,340.14341671164925,False,False,11
real_ipo,business,False,14.81364896202939,False,False,8
real_ipo,business,False,192.14998547456386,False,False,7
real_ipo,business,True,188.21952375611522,False,False,3
real_ipo,business,True,280.1755634321171,False,False,3
real_ipo,business,True,351.96840040626057,False,False,1
real_ipo,business,False,345.1605911303577,False,False,4
real_ipo,business,False,351.96840040626057,False,False,1
real_ipo,business,True,184.75709112076262,False,False,0
real_ipo,business,True,266.0609897742496,False,True,3
real_ipo,business,False,192.29583029816172,False,False,10
real_ipo,business,False,1.7955825645943477,False,False,1
real_ipo,business,True,163.27914653946831,False,False,0
real_ipo,business,False,260.5891369494858,False,False,3
real_ipo,business,True,291.0500447748077,True,False,7
real_ipo,business,False,281.5237922679412,False,True,4
real_ipo,business,False,110.33186301834266,False,False,0
real_ipo,business,True,23.93118553802973,False,False,2
real_ipo,business,False,55.56175261317992,False,False,1
real_ipo,business,True,314.6681465963724,False,False,2
real_ipo,business,False,260.18320280950377,False,False,9
real_ipo,business,False,206.06783669146762,False,False,8
real_ipo,business,True,177.79701238914527,False,False,3
real_ipo,business,False,314.0784583421537,False,False,10
real_ipo,business,False,336.9890797714163,False,False,2
real_ipo,business,False,52.63565548615014,False,False,10
real_ipo,business,False,191.45680600365668,False,False,8
real_ipo,business,False,313.4689906612506,False,False,11
real_ipo,business,True,130.27965356945512,False,True,4
real_ipo,business,True,108.458270378648,False,False,8
real_ipo,business,False,189.9647069045725,False,False,5
real_ipo,business,True,88.30486334459607,False,False,8
real_ipo,business,True,359.31112360819964,False,False,3
real_ipo,business,True,56.038391741527676,True,False,6
real_ipo,business,False,223.9148137406609,True,False,6
real_ipo,business,False,310.7767685791463,False,False,5
real_ipo,business,False,270.22303998236737,False,False,9
real_ipo,business,False,268.30973770128776,False,False,3
real_ipo,business,False,51.328173163024246,False,False,9
real_ipo,business,False,280.1755634321171,False,False,3
real_ipo,business,False,326.20399121177854,False,False,4
real_ipo,business,False,231.97940238210313,False,False,0
real_ipo,business,False,3.723395827754363,False,False,0
real_ipo,business,False,226.4225733402091,False,False,2
real_ipo,business,True,142.7813679793004,False,False,11
real_ipo,business,True,99.49629757111592,False,False,11
real_ipo,business,True,333.36430475777854,False,False,2
real_ipo,business,False,195.65609624513456,False,False,1
real_ipo,business,True,307.6204216666047,False,False,0
real_ipo,business,True,290.6202798588239,False,False,8
real_ipo,business,False,195.4163101145276,False,False,5
real_ipo,business,False,0.788249576693886,False,False,9
real_ipo,business,False,331.18907908918936,False,False,0
real_ipo,business,True,220.86949727200425,False,False,3
real_ipo,business,True,148.88818344364614,False,False,3
real_ipo,business,False,344.7649926581097,False,False,4
real_ipo,business,True,3.012789867785443,False,True,11
real_ipo,business,False,223.9148137406609,True,False,6
real_ipo,business,False,150.9925612342409,False,False,6
real_ipo,business,False,207.51286953124313,False,False,1
real_ipo,business,True,253.97869256961218,False,False,11
real_ipo,business,False,247.22527292213272,True,False,6
real_ipo,business,True,169.1388200429016,False,False,8
real_ipo,business,False,219.18047035508414,False,False,3
real_ipo,business,False,357.9050447186677,True,False,7
real_ipo,business,False,104.86637823103456,False,False,9
real_ipo,business,False,44.58414090672089,False,False,5
real_ipo,business,True,145.07256190678447,True,True,6
real_ipo,business,True,322.0509339917391,False,False,1
real_ipo,business,False,309.3977182105609,True,True,6
real_ipo,business,True,31.358727299403313,False,False,5
real_ipo,business,False,63.876796320321546,False,False,10
real_ipo,business,True,151.0463812170849,False,False,11
real_ipo,business,False,320.7872903740896,False,False,4
real_ipo,business,False,170.81234435810563,False,False,9
real_ipo,business,True,325.9053876725152,False,False,5
real_ipo,business,True,275.50238903797674,True,False,7
real_ipo,business,True,226.86557867886995,False,False,3
real_ipo,business,True,285.3868318807513,False,False,0
real_ipo,business,False,98.45551456620285,False,False,4
real_ipo,business,False,116.95352135882612,False,False,11
real_ipo,business,False,330.0138630624837,False,False,2
real_ipo,business,True,295.1552808827877,False,False,6
real_ipo,business,False,7.495352076214687,False,True,4
real_ipo,business,False,234.81756331987074,False,False,9
real_ipo,business,False,205.45087117260346,False,False,8
real_ipo,business,False,19.926543335592143,False,False,4
real_ipo,business,False,46.605612801196344,False,False,0
real_ipo,business,True,79.50855724499792,False,False,0
real_ipo,business,False,199.90092284985425,False,False,0
real_ipo,business,False,9.909739496709122,False,False,1
real_ipo,business,False,235.72146455351634,False,False,9
real_ipo,business,False,187.42692754668892,False,False,1
real_ipo,business,True,338.66747233504276,True,True,6
real_ipo,business,False,217.83872017232534,False,False,1
real_ipo,business,False,228.46793868713974,False,False,11
real_ipo,business,True,16.230789558682147,False,False,0
real_ipo,business,False,214.85623192300605,False,False,11
real_ipo,business,True,250.20086889737118,True,False,7
real_ipo,business,False,229.412250454528,True,False,7
real_ipo,business,False,164.46546064634012,True,False,6
real_ipo,business,False,123.73208354312953,False,False,1
real_ipo,business,False,50.75126765592813,False,False,6
real_ipo,business,True,250.7252271655857,False,False,9
real_ipo,business,True,324.55659558611796,False,False,0
real_ipo,business,True,3.012789867785443,False,True,11
real_ipo,business,True,350.1192142736852,False,False,11
real_ipo,business,False,318.93396200692416,False,True,2
real_ipo,business,True,11.369586115205948,False,False,1
real_ipo,business,False,186.11551631963232,False,False,4
real_ipo,business,False,3.2403858169112425,False,False,6
real_ipo,business,True,28.416909112835867,False,False,8
real_ipo,business,True,343.28597255289094,True,False,7
real_ipo,business,True,300.500314047818,False,True,9
real_ipo,business,False,258.09020618700026,False,False,3
real_ipo,business,False,92.44902964230211,False,False,5
real_ipo,business,False,293.60248840781077,False,False,11
real_ipo,business,False,108.24838312879034,False,False,6
real_ipo,business,True,212.80009346802146,False,False,1
real_ipo,business,True,185.4433934652874,False,True,1
real_ipo,business,True,322.66247045977974,False,True,10
real_ipo,business,False,47.70619796471135,False,False,11
real_ipo,business,False,112.98348642740731,False,False,5
real_ipo,business,False,228.11737839094837,False,False,3
real_ipo,business,True,35.69177943001836,False,False,4
real_ipo,business,True,350.72214140057247,False,False,8
real_ipo,business,True,6.157751383102834,False,False,7
real_ipo,business,True,231.17298745352787,False,False,2
real_ipo,business,False,309.07564060238224,False,False,10
real_ipo,business,True,307.57739167358335,False,False,10
real_ipo,business,False,136.45576837921521,False,False,2
real_ipo,business,False,195.13173930328412,False,False,4
real_ipo,business,False,223.9148137406609,True,False,6
real_ipo,business,True,136.1378563102307,False,False,3
real_ipo,business,False,118.973821980065,True,False,6
real_ipo,business,True,50.70928972244303,False,False,1
real_ipo,business,True,145.07256190678447,True,True,6
real_ipo,business,True,29.97583465410591,False,False,5
real_ipo,business,False,149.83431167453807,False,False,11
real_ipo,business,False,271.85733440322673,False,False,4
real_ipo,business,False,0.602868292469168,False,False,8
real_ipo,business,False,169.02899801012538,False,False,8
real_ipo,business,False,30.705722300689633,False,False,1
real_ipo,business,False,226.0099189974211,False,False,2
real_ipo,business,True,345.4458843716346,False,False,10
real_ipo,business,True,308.27128868612135,False,False,10
real_ipo,business,True,3.012789867785443,False,True,11
real_ipo,business,True,138.34101062868467,False,False,8
real_ipo,business,False,78.4781039086422,False,False,0
real_ipo,business,True,347.0756473179923,True,False,7
real_ipo,business,False,11.524639449791053,False,False,2
real_ipo,business,True,142.7813679793004,False,False,11
real_ipo,business,True,163.2984462087146,False,False,8
real_ipo,business,True,129.91247616608803,False,False,5
real_ipo,business,False,51.29754053220398,False,False,11
real_ipo,business,False,220.06521607781843,False,False,2
real_ipo,business,False,133.0221782620863,False,False,11
real_ipo,business,False,139.34773235477635,False,True,4
real_ipo,business,False,239.22154972300694,False,False,2
real_ipo,business,False,197.53359190123388,False,False,3
real_ipo,business,False,9.68357531983878,False,False,4
real_ipo,business,True,3.012789867785443,False,True,11
real_ipo,business,False,98.36480935401454,False,False,4
real_ipo,business,True,231.3411314987633,False,False,1
real_ipo,business,False,270.5547108621284,False,False,1
real_ipo,business,True,72.60544533527778,False,True,7
real_ipo,business,False,316.12407703144794,False,False,5
real_ipo,business,False,288.50723070679646,False,False,7
real_ipo,business,False,47.43507867721405,False,False,0
real_ipo,business,False,102.14486105061849,False,False,1
real_ipo,business,False,207.63739143531205,False,False,3
real_ipo,business,False,173.33783245572516,False,True,7
real_ipo,business,False,348.36574115483074,False,False,6
real_ipo,business,False,346.72174972093785,False,False,6
real_ipo,business,False,192.29583029816172,False,False,10
real_ipo,business,True,77.00033160022434,False,False,11
real_ipo,business,False,14.871958897793036,False,False,11
real_ipo,business,False,3.012789867785443,False,True,11
real_ipo,business,True,334.8483517201947,False,False,5
real_ipo,business,True,354.8492959529479,False,False,8
real_ipo,business,True,176.1157840699912,True,False,6
real_ipo,business,True,281.327801581786,False,False,5
real_ipo,business,True,29.177355831970388,False,False,2
real_ipo,business,True,275.805885374444,False,True,4
real_ipo,business,False,339.9634523706941,False,True,3
real_ipo,business,False,123.08712157733873,False,False,8
real_ipo,business,False,206.21347743149173,False,True,11
real_ipo,business,False,222.9804792552301,False,False,9
real_ipo,business,False,205.03516253830946,False,False,4
real_ipo,business,False,92.44902964230211,False,False,5
real_ipo,business,False,181.8746257199176,False,False,1
real_ipo,business,True,65.6248347827614,False,True,4
real_ipo,business,False,72.2932696495838,False,True,1
real_ipo,business,True,358.82887051619207,False,False,10
real_ipo,business,True,75.02895457240956,False,False,5
real_ipo,business,True,281.17111606982735,False,False,1
real_ipo,business,True,145.51788429664495,False,False,6
real_ipo,business,False,47.77099974078419,False,False,10
real_ipo,business,True,3.012789867785443,False,True,11
real_ipo,business,True,3.012789867785443,False,True,11
real_ipo,business,False,121.65184328086514,False,False,9
real_ipo,business,False,149.50017784085446,False,False,8
real_ipo,business,True,222.9804792552301,False,False,9
real_ipo,business,True,206.72120527417187,True,False,6
real_ipo,business,False,255.90832205860676,False,False,11
real_ipo,business,True,136.23266887422335,False,False,8
real_ipo,business,False,79.4102703876264,True,False,6
real_ipo,business,False,67.19566967637826,False,True,2
real_ipo,business,False,133.33937259676657,False,False,10
real_ipo,business,True,188.21952375611522,False,False,3
real_ipo,business,False,21.50688150073863,False,False,1
real_ipo,business,False,159.96025241085152,False,False,9
real_ipo,business,False,132.75266680875313,False,False,8
real_ipo,business,True,220.94347847588546,False,False,5
real_ipo,business,False,48.131973433700324,False,True,5
real_ipo,business,True,44.31435263444766,False,False,3
real_ipo,business,True,315.48722053052046,False,False,9
real_ipo,business,False,247.39545692306746,False,False,2
real_ipo,business,False,206.63259758177622,False,False,1
real_ipo,business,False,295.18525407701884,False,False,8
real_ipo,business,False,14.32988583382513,False,True,4
real_ipo,business,True,49.71855637420782,False,False,9
real_ipo,business,True,149.84240180787108,False,False,4
real_ipo,business,False,269.8808594802646,False,False,5
real_ipo,business,False,210.87137529891748,False,False,3
real_ipo,business,True,5.298237369929559,False,False,1
real_ipo,business,True,51.29082627963996,False,False,7
real_ipo,business,True,56.807500514308465,False,False,3
real_ipo,business,False,73.12347151566559,False,False,9
real_ipo,business,True,334.0704917251962,False,False,1
real_ipo,business,True,222.4862171498377,False,False,6
real_ipo,business,True,36.23113160874338,False,False,5
real_ipo,business,False,25.531575955735775,False,False,7
real_ipo,business,True,353.2243021216984,False,False,9
real_ipo,business,False,9.43574768030814,False,False,6
real_ipo,business,True,175.519084589567,False,False,3
real_ipo,business,True,191.83246437569414,False,False,8
real_ipo,business,False,19.96577093242172,False,False,11
real_ipo,business,True,3.012789867785443,False,True,11
real_ipo,business,False,155.20722211534297,False,False,1
real_ipo,business,True,177.46002147154047,False,False,11
real_ipo,business,True,206.63259758177622,False,False,1
real_ipo,business,False,89.18703303057225,False,False,7
real_ipo,business,False,128.2959870887075,False,False,5
real_ipo,business,False,222.9804792552301,False,False,9
real_ipo,business,True,77.45730896484369,False,False,9
real_ipo,business,True,291.8380379430589,False,False,0
real_ipo,business,True,108.27089319968076,False,False,1
real_ipo,business,True,350.69530774184796,False,False,4
real_ipo,business,False,166.64615613185265,False,False,0
real_ipo,business,True,150.355848936653,False,False,2
real_ipo,business,False,142.81078175527608,False,False,0
real_ipo,business,False,181.48842312947767,False,False,4
real_ipo,business,False,48.647378686478106,False,False,2
real_ipo,business,False,348.5669668434594,False,False,1
real_ipo,business,True,44.260809788978804,False,True,9
real_ipo,business,True,316.12407703144794,False,False,5
real_ipo,business,True,24.144713268180055,False,False,11
real_ipo,business,False,12.338797022841334,False,True,4
real_ipo,business,True,222.9804792552301,False,False,9
real_ipo,business,False,336.9378874188113,False,False,2
real_ipo,business,False,98.36480935401454,False,False,4
real_ipo,business,False,101.12979090918492,False,False,0
real_ipo,business,True,316.12407703144794,False,False,5
real_ipo,business,True,215.7373037291693,False,False,10
real_ipo,business,False,139.71856226360495,False,False,5
real_ipo,business,False,72.3360576605769,False,False,2
real_ipo,business,True,209.3300340979739,False,False,9
real_ipo,business,True,109.17424046828987,True,False,6
real_ipo,business,True,233.4279372412804,False,False,9
real_ipo,business,False,302.2589355097369,True,False,7
real_ipo,business,True,192.29583029816172,False,False,10
real_ipo,business,False,273.47989787827487,False,False,7
real_ipo,business,True,287.73439394709726,False,False,10
real_ipo,business,True,3.012789867785443,False,True,11
real_ipo,business,True,330.10659734185674,False,False,6
real_ipo,business,False,3.012789867785443,False,True,11
real_ipo,business,True,3.012789867785443,False,True,11
real_ipo,business,True,1.7955825645943477,False,False,1
real_ipo,business,True,3.012789867785443,False,True,11
real_ipo,business,False,309.3977182105609,True,True,6
real_ipo,business,True,74.3734114070665,False,False,11
real_ipo,business,False,225.74774369483995,False,False,4
real_ipo,business,True,48.86835087713888,False,False,0
real_ipo,business,True,126.11064574993188,False,False,2
historical,lost_item,True,338.7534544517634,False,False,11
historical,relationship,False,201.26266340394244,False,False,8
historical,journey,True,240.29207431625252,False,False,0
historical,health,True,313.38639821667897,False,False,5
historical,business,False,293.7675010230283,False,False,9
historical,lost_item,True,160.38255371530678,False,True,7
historical,relationship,True,61.39199362873515,False,False,7
historical,journey,False,221.6760931407239,False,False,8
historical,health,True,152.7691697373184,False,False,1
historical,business,True,77.91044186706696,False,False,6
