Category,Name,Planet,Sign,Solar_House,Element
Science,Albert Einstein,Moon,Sag,9,Fire
Science,Albert Einstein,Mercury,Ari,1,Fire
Science,Albert Einstein,Venus,Ari,1,Fire
Science,Albert Einstein,Mars,Cap,11,Earth
Science,Albert Einstein,Jupiter,Aqu,12,Air
Science,Albert Einstein,Saturn,Ari,1,Fire
Science,Albert Einstein,Uranus,Vir,6,Earth
Science,Albert Einstein,Neptune,Tau,2,Earth
Science,Albert Einstein,Pluto,Tau,3,Earth
Science,Marie Curie,Moon,Pis,5,Water
Science,Marie Curie,Mercury,Sag,1,Fire
Science,Marie Curie,Venus,Sco,1,Water
Science,Marie Curie,Mars,Sco,1,Water
Science,Marie Curie,Jupiter,Aqu,4,Air
Science,Marie Curie,Saturn,Sco,1,Water
Science,Marie Curie,Uranus,Can,8,Water
Science,Marie Curie,Neptune,Ari,5,Fire
Science,Marie Curie,Pluto,Tau,7,Earth
Science,Isaac Newton,Moon,Can,6,Water
Science,Isaac Newton,Mercury,Sag,12,Fire
Science,Isaac Newton,Venus,Aqu,2,Air
Science,Isaac Newton,Mars,Tau,4,Earth
Science,Isaac Newton,Jupiter,Pis,3,Water
Science,Isaac Newton,Saturn,Pis,3,Water
Science,Isaac Newton,Uranus,Sco,11,Water
Science,Isaac Newton,Neptune,Sag,11,Fire
Science,Isaac Newton,Pluto,Gem,5,Air
Science,Charles Darwin,Moon,Cap,11,Earth
Science,Charles Darwin,Mercury,Pis,1,Water
Science,Charles Darwin,Venus,Ari,2,Fire
Science,Charles Darwin,Mars,Lib,9,Air
Science,Charles Darwin,Jupiter,Pis,1,Water
Science,Charles Darwin,Saturn,Sag,10,Fire
Science,Charles Darwin,Uranus,Sco,9,Water
Science,Charles Darwin,Neptune,Sag,10,Fire
Science,Charles Darwin,Pluto,Pis,1,Water
Science,Nikola Tesla,Moon,Lib,3,Air
Science,Nikola Tesla,Mercury,Gem,12,Air
Science,Nikola Tesla,Venus,Can,12,Water
Science,Nikola Tesla,Mars,Lib,4,Air
Science,Nikola Tesla,Jupiter,Ari,9,Fire
Science,Nikola Tesla,Saturn,Can,12,Water
Science,Nikola Tesla,Uranus,Tau,11,Earth
Science,Nikola Tesla,Neptune,Pis,9,Water
Science,Nikola Tesla,Pluto,Tau,10,Earth
Science,Sigmund Freud,Moon,Gem,1,Air
Science,Sigmund Freud,Mercury,Tau,1,Earth
Science,Sigmund Freud,Venus,Ari,12,Fire
Science,Sigmund Freud,Mars,Lib,5,Air
Science,Sigmund Freud,Jupiter,Pis,11,Water
Science,Sigmund Freud,Saturn,Gem,2,Air
Science,Sigmund Freud,Uranus,Tau,1,Earth
Science,Sigmund Freud,Neptune,Pis,11,Water
Science,Sigmund Freud,Pluto,Tau,12,Earth
Science,Carl Jung,Moon,Tau,10,Earth
Science,Carl Jung,Mercury,Can,12,Water
Science,Carl Jung,Venus,Can,12,Water
Science,Carl Jung,Mars,Sag,5,Fire
Science,Carl Jung,Jupiter,Lib,3,Air
Science,Carl Jung,Saturn,Aqu,7,Air
Science,Carl Jung,Uranus,Leo,1,Fire
Science,Carl Jung,Neptune,Tau,9,Earth
Science,Carl Jung,Pluto,Tau,10,Earth
Science,Steve Jobs,Moon,Ari,1,Fire
Science,Steve Jobs,Mercury,Aqu,12,Air
Science,Steve Jobs,Venus,Cap,11,Earth
Science,Steve Jobs,Mars,Ari,2,Fire
Science,Steve Jobs,Jupiter,Can,5,Water
Science,Steve Jobs,Saturn,Sco,9,Water
Science,Steve Jobs,Uranus,Can,5,Water
Science,Steve Jobs,Neptune,Lib,8,Air
Science,Steve Jobs,Pluto,Leo,6,Fire
Science,Bill Gates,Moon,Ari,5,Fire
Science,Bill Gates,Mercury,Lib,12,Air
Science,Bill Gates,Venus,Sco,1,Water
Science,Bill Gates,Mars,Lib,12,Air
Science,Bill Gates,Jupiter,Leo,10,Fire
Science,Bill Gates,Saturn,Sco,1,Water
Science,Bill Gates,Uranus,Leo,9,Fire
Science,Bill Gates,Neptune,Lib,12,Air
Science,Bill Gates,Pluto,Leo,10,Fire
Science,Elon Musk,Moon,Vir,3,Earth
Science,Elon Musk,Mercury,Can,1,Water
Science,Elon Musk,Venus,Gem,12,Air
Science,Elon Musk,Mars,Aqu,8,Air
Science,Elon Musk,Jupiter,Sco,5,Water
Science,Elon Musk,Saturn,Gem,11,Air
Science,Elon Musk,Uranus,Lib,4,Air
Science,Elon Musk,Neptune,Sag,5,Fire
Science,Elon Musk,Pluto,Vir,3,Earth
Science,Stephen Hawking,Moon,Vir,9,Earth
Science,Stephen Hawking,Mercury,Cap,1,Earth
Science,Stephen Hawking,Venus,Aqu,2,Air
Science,Stephen Hawking,Mars,Ari,4,Fire
Science,Stephen Hawking,Jupiter,Gem,5,Air
Science,Stephen Hawking,Saturn,Tau,5,Earth
Science,Stephen Hawking,Uranus,Tau,5,Earth
Science,Stephen Hawking,Neptune,Vir,9,Earth
Science,Stephen Hawking,Pluto,Leo,7,Fire
Arts,Leonardo da Vinci,Moon,Sco,8,Water
Arts,Leonardo da Vinci,Mercury,Ari,12,Fire
Arts,Leonardo da Vinci,Venus,Tau,1,Earth
Arts,Leonardo da Vinci,Mars,Aqu,10,Air
Arts,Leonardo da Vinci,Jupiter,Pis,11,Water
Arts,Leonardo da Vinci,Saturn,Lib,6,Air
Arts,Leonardo da Vinci,Uranus,Can,3,Water
Arts,Leonardo da Vinci,Neptune,Lib,6,Air
Arts,Leonardo da Vinci,Pluto,Leo,4,Fire
Arts,Wolfgang Mozart,Moon,Sag,11,Fire
Arts,Wolfgang Mozart,Mercury,Aqu,1,Air
Arts,Wolfgang Mozart,Venus,Aqu,1,Air
Arts,Wolfgang Mozart,Mars,Can,5,Water
Arts,Wolfgang Mozart,Jupiter,Lib,9,Air
Arts,Wolfgang Mozart,Saturn,Aqu,12,Air
Arts,Wolfgang Mozart,Uranus,Pis,2,Water
Arts,Wolfgang Mozart,Neptune,Leo,7,Fire
Arts,Wolfgang Mozart,Pluto,Sag,11,Fire
Arts,Pablo Picasso,Moon,Sag,2,Fire
Arts,Pablo Picasso,Mercury,Sco,1,Water
Arts,Pablo Picasso,Venus,Lib,12,Air
Arts,Pablo Picasso,Mars,Can,9,Water
Arts,Pablo Picasso,Jupiter,Tau,7,Earth
Arts,Pablo Picasso,Saturn,Tau,7,Earth
Arts,Pablo Picasso,Uranus,Vir,11,Earth
Arts,Pablo Picasso,Neptune,Tau,7,Earth
Arts,Pablo Picasso,Pluto,Tau,7,Earth
Arts,David Bowie,Moon,Leo,7,Fire
Arts,David Bowie,Mercury,Cap,12,Earth
Arts,David Bowie,Venus,Sag,11,Fire
Arts,David Bowie,Mars,Cap,12,Earth
Arts,David Bowie,Jupiter,Sco,11,Water
Arts,David Bowie,Saturn,Leo,7,Fire
Arts,David Bowie,Uranus,Gem,6,Air
Arts,David Bowie,Neptune,Lib,9,Air
Arts,David Bowie,Pluto,Leo,7,Fire
Arts,Prince,Moon,Aqu,9,Air
Arts,Prince,Mercury,Gem,12,Air
Arts,Prince,Venus,Tau,11,Earth
Arts,Prince,Mars,Ari,10,Fire
Arts,Prince,Jupiter,Lib,5,Air
Arts,Prince,Saturn,Sag,7,Fire
Arts,Prince,Uranus,Leo,2,Fire
Arts,Prince,Neptune,Sco,5,Water
Arts,Prince,Pluto,Leo,3,Fire
Arts,Madonna,Moon,Vir,1,Earth
Arts,Madonna,Mercury,Vir,1,Earth
Arts,Madonna,Venus,Leo,12,Fire
Arts,Madonna,Mars,Tau,9,Earth
Arts,Madonna,Jupiter,Lib,3,Air
Arts,Madonna,Saturn,Sag,4,Fire
Arts,Madonna,Uranus,Leo,12,Fire
Arts,Madonna,Neptune,Sco,3,Water
Arts,Madonna,Pluto,Vir,1,Earth
Arts,Michael Jackson,Moon,Pis,7,Water
Arts,Michael Jackson,Mercury,Leo,12,Fire
Arts,Michael Jackson,Venus,Leo,12,Fire
Arts,Michael Jackson,Mars,Tau,9,Earth
Arts,Michael Jackson,Jupiter,Lib,2,Air
Arts,Michael Jackson,Saturn,Sag,4,Fire
Arts,Michael Jackson,Uranus,Leo,12,Fire
Arts,Michael Jackson,Neptune,Sco,2,Water
Arts,Michael Jackson,Pluto,Vir,12,Earth
Arts,Kurt Cobain,Moon,Can,5,Water
Arts,Kurt Cobain,Mercury,Pis,1,Water
Arts,Kurt Cobain,Venus,Pis,1,Water
Arts,Kurt Cobain,Mars,Sco,9,Water
Arts,Kurt Cobain,Jupiter,Can,5,Water
Arts,Kurt Cobain,Saturn,Pis,1,Water
Arts,Kurt Cobain,Uranus,Vir,7,Earth
Arts,Kurt Cobain,Neptune,Sco,9,Water
Arts,Kurt Cobain,Pluto,Vir,7,Earth
Politics,Abraham Lincoln,Moon,Cap,12,Earth
Politics,Abraham Lincoln,Mercury,Pis,1,Water
Politics,Abraham Lincoln,Venus,Ari,2,Fire
Politics,Abraham Lincoln,Mars,Lib,9,Air
Politics,Abraham Lincoln,Jupiter,Pis,1,Water
Politics,Abraham Lincoln,Saturn,Sag,10,Fire
Politics,Abraham Lincoln,Uranus,Sco,9,Water
Politics,Abraham Lincoln,Neptune,Sag,10,Fire
Politics,Abraham Lincoln,Pluto,Pis,1,Water
Politics,Winston Churchill,Moon,Leo,9,Fire
Politics,Winston Churchill,Mercury,Sco,12,Water
Politics,Winston Churchill,Venus,Sag,1,Fire
Politics,Winston Churchill,Mars,Lib,11,Air
Politics,Winston Churchill,Jupiter,Lib,11,Air
Politics,Winston Churchill,Saturn,Aqu,3,Air
Politics,Winston Churchill,Uranus,Leo,9,Fire
Politics,Winston Churchill,Neptune,Ari,5,Fire
Politics,Winston Churchill,Pluto,Tau,6,Earth
Politics,Kama Harris,Moon,Ari,6,Fire
Politics,Kama Harris,Mercury,Sco,1,Water
Politics,Kama Harris,Venus,Vir,11,Earth
Politics,Kama Harris,Mars,Leo,10,Fire
Politics,Kama Harris,Jupiter,Tau,7,Earth
Politics,Kama Harris,Saturn,Aqu,5,Air
Politics,Kama Harris,Uranus,Vir,11,Earth
Politics,Kama Harris,Neptune,Sco,1,Water
Politics,Kama Harris,Pluto,Vir,11,Earth
Politics,Nelson Mandela,Moon,Sco,4,Water
Politics,Nelson Mandela,Mercury,Leo,1,Fire
Politics,Nelson Mandela,Venus,Gem,11,Air
Politics,Nelson Mandela,Mars,Lib,3,Air
Politics,Nelson Mandela,Jupiter,Can,12,Water
Politics,Nelson Mandela,Saturn,Leo,1,Fire
Politics,Nelson Mandela,Uranus,Aqu,8,Air
Politics,Nelson Mandela,Neptune,Leo,1,Fire
Politics,Nelson Mandela,Pluto,Can,12,Water
Politics,Donald Trump,Moon,Sag,6,Fire
Politics,Donald Trump,Mercury,Can,1,Water
Politics,Donald Trump,Venus,Can,2,Water
Politics,Donald Trump,Mars,Leo,3,Fire
Politics,Donald Trump,Jupiter,Lib,4,Air
Politics,Donald Trump,Saturn,Can,2,Water
Politics,Donald Trump,Uranus,Gem,12,Air
Politics,Donald Trump,Neptune,Lib,4,Air
Politics,Donald Trump,Pluto,Leo,2,Fire
Politics,Barack Obama,Moon,Tau,10,Earth
Politics,Barack Obama,Mercury,Leo,12,Fire
Politics,Barack Obama,Venus,Can,11,Water
Politics,Barack Obama,Mars,Vir,2,Earth
Politics,Barack Obama,Jupiter,Aqu,6,Air
Politics,Barack Obama,Saturn,Cap,6,Earth
Politics,Barack Obama,Uranus,Leo,1,Fire
Politics,Barack Obama,Neptune,Sco,3,Water
Politics,Barack Obama,Pluto,Vir,1,Earth
Sports,Muhammad Ali,Moon,Aqu,1,Air
Sports,Muhammad Ali,Mercury,Aqu,1,Air
Sports,Muhammad Ali,Venus,Aqu,1,Air
Sports,Muhammad Ali,Mars,Tau,4,Earth
Sports,Muhammad Ali,Jupiter,Gem,5,Air
Sports,Muhammad Ali,Saturn,Tau,4,Earth
Sports,Muhammad Ali,Uranus,Tau,4,Earth
Sports,Muhammad Ali,Neptune,Vir,9,Earth
Sports,Muhammad Ali,Pluto,Leo,7,Fire
Sports,Michael Jordan,Moon,Sag,10,Fire
Sports,Michael Jordan,Mercury,Aqu,12,Air
Sports,Michael Jordan,Venus,Cap,11,Earth
Sports,Michael Jordan,Mars,Leo,6,Fire
Sports,Michael Jordan,Jupiter,Pis,1,Water
Sports,Michael Jordan,Saturn,Aqu,12,Air
Sports,Michael Jordan,Uranus,Vir,7,Earth
Sports,Michael Jordan,Neptune,Sco,9,Water
Sports,Michael Jordan,Pluto,Vir,7,Earth
Sports,Serena Williams,Moon,Vir,12,Earth
Sports,Serena Williams,Mercury,Lib,1,Air
Sports,Serena Williams,Venus,Sco,2,Water
Sports,Serena Williams,Mars,Leo,11,Fire
Sports,Serena Williams,Jupiter,Lib,1,Air
Sports,Serena Williams,Saturn,Lib,1,Air
Sports,Serena Williams,Uranus,Sco,2,Water
Sports,Serena Williams,Neptune,Sag,3,Fire
Sports,Serena Williams,Pluto,Lib,1,Air
Sports,Tiger Woods,Moon,Sag,12,Fire
Sports,Tiger Woods,Mercury,Cap,1,Earth
Sports,Tiger Woods,Venus,Sco,11,Water
Sports,Tiger Woods,Mars,Gem,6,Air
Sports,Tiger Woods,Jupiter,Ari,4,Fire
Sports,Tiger Woods,Saturn,Leo,7,Fire
Sports,Tiger Woods,Uranus,Sco,10,Water
Sports,Tiger Woods,Neptune,Sag,12,Fire
Sports,Tiger Woods,Pluto,Lib,10,Air
Sports,Usain Bolt,Moon,Pis,7,Water
Sports,Usain Bolt,Mercury,Leo,12,Fire
Sports,Usain Bolt,Venus,Lib,2,Air
Sports,Usain Bolt,Mars,Cap,5,Earth
Sports,Usain Bolt,Jupiter,Pis,7,Water
Sports,Usain Bolt,Saturn,Sag,4,Fire
Sports,Usain Bolt,Uranus,Sag,4,Fire
Sports,Usain Bolt,Neptune,Cap,5,Earth
Sports,Usain Bolt,Pluto,Sco,3,Water
Entertainment,Marilyn Monroe,Moon,Aqu,9,Air
Entertainment,Marilyn Monroe,Mercury,Gem,12,Air
Entertainment,Marilyn Monroe,Venus,Ari,11,Fire
Entertainment,Marilyn Monroe,Mars,Pis,10,Water
Entertainment,Marilyn Monroe,Jupiter,Aqu,9,Air
Entertainment,Marilyn Monroe,Saturn,Sco,6,Water
Entertainment,Marilyn Monroe,Uranus,Pis,10,Water
Entertainment,Marilyn Monroe,Neptune,Leo,3,Fire
Entertainment,Marilyn Monroe,Pluto,Can,2,Water
Entertainment,Oprah Winfrey,Moon,Sag,10,Fire
Entertainment,Oprah Winfrey,Mercury,Aqu,1,Air
Entertainment,Oprah Winfrey,Venus,Aqu,12,Air
Entertainment,Oprah Winfrey,Mars,Sco,10,Water
Entertainment,Oprah Winfrey,Jupiter,Gem,5,Air
Entertainment,Oprah Winfrey,Saturn,Sco,10,Water
Entertainment,Oprah Winfrey,Uranus,Can,6,Water
Entertainment,Oprah Winfrey,Neptune,Lib,9,Air
Entertainment,Oprah Winfrey,Pluto,Leo,7,Fire
Entertainment,Brad Pitt,Moon,Cap,1,Earth
Entertainment,Brad Pitt,Mercury,Cap,1,Earth
Entertainment,Brad Pitt,Venus,Cap,1,Earth
Entertainment,Brad Pitt,Mars,Cap,1,Earth
Entertainment,Brad Pitt,Jupiter,Ari,4,Fire
Entertainment,Brad Pitt,Saturn,Aqu,2,Air
Entertainment,Brad Pitt,Uranus,Vir,9,Earth
Entertainment,Brad Pitt,Neptune,Sco,11,Water
Entertainment,Brad Pitt,Pluto,Vir,9,Earth
