year,ayanamsa_lahiri,sun_tropical,sun_sidereal,sign_tropical,sign_sidereal
-2000,328.45680065098605,282.14392982979876,313.6871291788127,9,10
-1975,328.8003578102172,283.0742051900204,314.2738473798032,9,10
-1950,329.143907670559,282.99860831190205,313.8547006413431,9,10
-1925,329.4874879518943,282.9195842997501,313.4320963478558,9,10
-1900,329.8310987539723,282.8508603454864,313.0197615915141,9,10
-1875,330.17474017598806,282.7743229249259,312.59958274893785,9,10
-1850,330.51841231658005,282.6933442222867,312.17493190570667,9,10
-1825,330.86211527382693,282.6292256980966,311.7671104242697,9,10
-1800,331.20584914524477,282.5568864267373,311.35103728149255,9,10
-1775,331.5496140277843,282.47105709482463,310.92144306704034,9,10
-1750,331.89341001782793,282.398881806347,310.50547178851906,9,10
-1725,332.2372372111873,282.3242273699202,310.08699015873293,9,10
-1700,332.58109570310035,282.24753092741173,309.6664352243114,9,10
-1675,332.9249855882287,282.17940529997725,309.25441971174854,9,10
-1650,333.2689069606551,282.09779296721047,308.82888600655536,9,10
-1625,333.6128599138808,282.0214971216699,308.40863720778907,9,10
-1600,333.956844540823,281.9577484447695,308.0009039039465,9,10
-1575,334.300898611209,282.87924349932246,308.57834488811346,9,10
-1550,334.64494686548113,282.80207641557433,308.1571295500932,9,10
-1525,334.9890270687023,282.73219557388654,307.74316850518426,9,10
-1500,335.3331393114288,282.64518630634035,307.31204699491155,9,10
-1475,335.67728368362083,282.57337668035456,306.8960929967337,9,10
-1450,336.02146027464016,282.5109672064257,306.4895069317855,9,10
-1425,336.3656691732478,282.4254324001092,306.0597632268614,9,10
-1400,336.70991046760184,282.35007656342935,305.6401660958275,9,10
-1375,337.05418424525527,282.2841537542164,305.2299695089611,9,10
-1350,337.3984905931539,282.20320151427325,304.80471092111935,9,10
-1325,337.74282959763406,282.13285726864376,304.3900276710097,9,10
-1300,338.0872013444207,282.0539058713478,303.9667045269271,9,10
-1275,338.4316059186255,281.96553520188667,303.53392928326116,9,10
-1250,338.7760434047445,281.90083630531296,303.1247929005685,9,10
-1225,339.1205138866566,281.82814971786274,302.7076358312061,9,10
-1200,339.46501744762145,281.74467533485017,302.2796578872287,9,10
-1175,339.80959190473516,282.68523273111225,302.8756408263771,9,10
-1150,340.15416187474335,282.6090413002464,302.45487942550307,9,10
-1125,340.4987651698583,282.52816768893723,302.02940251907893,9,10
-1100,340.8434018708445,282.46508103565344,301.62167916480894,9,10
-1075,341.18807205783844,282.3851548034919,301.19708274565346,9,10
-1050,341.5327758103468,282.2981918617956,300.7654160514488,9,10
-1025,341.8775132072449,282.2275833022475,300.35007009500265,9,10
-1000,342.2222843267752,282.15251571389996,299.93023138712476,9,9
-975,342.5670892465458,282.07755379537525,299.5104645488295,9,9
-950,342.9119280435287,282.0065777315252,299.09464968799654,9,9
-925,343.2568007940586,281.92452774829115,298.66772695423253,9,9
-900,343.6017075738315,281.85123223441065,298.24952466057914,9,9
-875,343.9466484579032,281.7845210871078,297.8378726292046,9,9
-850,344.29162352068795,281.70146342424965,297.4098399035617,9,9
-825,344.6366328359573,281.62229374746397,296.98566091150667,9,9
-800,344.98167647683886,281.54976310727767,296.5680866304388,9,9
-775,345.3267923096233,282.48049867681317,297.1537063671899,9,9
-750,345.67190482230876,282.406308390149,296.7344035678402,9,9
-725,346.01705187612083,282.3381350415376,296.3210831654168,9,9
-700,346.36223354159944,282.25610827857423,295.8938747369748,9,9
-675,346.7074498886345,282.1771235050118,295.4696736163773,9,9
-650,347.0527009864657,282.1084938664763,295.0557928800106,9,9
-625,347.3979869036807,282.03017984663757,294.63219294295686,9,9
-600,347.74330770821496,281.95159355573287,294.2082858475179,9,9
-575,348.08866346735016,281.87502406960317,293.786360602253,9,9
-550,348.4340542477139,281.79344932729487,293.35939507958096,9,9
-525,348.77948011527866,281.7225905877421,292.94311047246345,9,9
-500,349.1249411353609,281.653525020162,292.5285838848011,9,9
-475,349.4704373726205,281.56931177216285,292.09887439954235,9,9
-450,349.81596889106004,281.4975757775293,291.68160688646924,9,9
-425,350.161535754024,281.42709755124923,291.26556179722525,9,9
-400,350.5071380241983,281.3410072787213,290.833869254523,9,9
-375,350.8528136187731,282.2825472705477,291.4297336517746,9,9
-350,351.19848689268315,282.20892977385205,291.0104428811689,9,9
-325,351.5441957579104,282.12150043312255,290.57730467521213,9,9
-300,351.8899402745009,282.0523253778507,290.16238510334983,9,9
-275,352.23572050183907,281.9832767296349,289.7475562277958,9,9
-250,352.58153649864806,281.9021606227601,289.32062412411204,9,9
-225,352.9273883229889,281.8346561166712,288.9072677936823,9,9
-200,353.2732760322603,281.7572979532284,288.4840219209681,9,9
-175,353.61919968319853,281.67589600250693,288.0566963193084,9,9
-150,353.9651593318768,281.60940554445466,287.64424621257785,9,9
-125,354.3111550337053,281.52573788392806,287.21458285022277,9,9
-100,354.65718684343096,281.4431043731389,286.78591752970794,9,9
-75,355.0032548151374,281.3795862920865,286.37633147694913,9,9
-50,355.3493590022444,281.29837803713957,285.9490190348952,9,9
-25,355.69549945750833,281.22096067219934,285.525461214691,9,9
0,356.0416762330218,281.1599624013437,285.1182861683219,9,9
25,356.38792729844306,282.09340970736184,285.7054824089188,9,9
50,356.73417687207024,282.0153054862576,285.28112861418737,9,9
75,357.080462918248,281.94801869172846,284.8675557734805,9,9
100,357.42678548641425,281.86394934147967,284.4371638550654,9,9
125,357.7731446253433,281.78801710727913,284.0148724819358,9,9
150,358.1195403831465,281.71736713830404,283.59782675515754,9,9
175,358.46597280727156,281.6335640335754,283.16759122630384,9,9
200,358.81244194450363,281.5652184057444,282.7527764612408,9,9
225,359.1589478409649,281.49727014852505,282.33832230756013,9,9
250,359.50549054211547,281.4145681531877,281.90907761107223,9,9
275,359.8520700927529,281.3452610032739,281.493190910521,9,9
300,0.19868653701333727,281.2710835797662,281.07239704275287,9,9
325,0.5453399183712513,281.1852525473158,280.63991262894456,9,9
350,0.8920302796401351,281.11549757497244,280.2234672953323,9,9
375,1.2387576629729118,281.04363876056794,279.80488109759506,9,9
400,1.5855221098622927,280.9610876518795,279.3755655420172,9,9
425,1.9323616438506583,281.90629606009276,279.9739344162421,9,9
450,2.2792003437632715,281.8349616864857,279.55576134272246,9,9
475,2.626076227758862,281.7586731502739,279.13259692251506,9,9
500,2.972989334694443,281.68815871713565,278.7151693824412,9,9
525,3.3199397027695596,281.60974107866474,278.2898013758952,9,9
550,3.6669273695268707,281.52788165183983,277.86095428231295,9,9
575,4.01395237185282,281.45785855354313,277.4439061816903,9,9
600,4.361014745978263,281.38252919527736,277.0215144492991,9,9
625,4.708114527479193,281.3033929385205,276.5952784110413,9,9
650,5.055251751277456,281.233824805664,276.17857305438656,9,9
675,5.402426451641492,281.15878734510306,275.7563608934616,9,9
700,5.7496386621871345,281.0807974882948,275.3311588261077,9,9
725,6.096888415878361,281.01527246110584,274.91838404522747,9,9
750,6.444175745028161,280.9396763096406,274.4955005646125,9,9
775,6.791500681299333,280.85381350990554,274.0623128286062,9,9
800,7.138863255705374,280.7829669281834,273.644103672478,9,9
825,7.486301546918135,281.7277249876167,274.24142344069855,9,9
850,7.833739492171871,281.6506670005757,273.81692750840386,9,9
875,8.181215164717331,281.58229515096286,273.4010799862455,9,9
900,8.52872859297985,281.50309297617264,272.9743643831928,9,9
925,8.876279804740149,281.4302557757949,272.55397597105474,9,9
950,9.22386882713529,281.36928177631097,272.1454129491757,9,9
975,9.571495686659725,281.28780517682276,271.71630949016304,9,9
1000,9.919160409166333,281.2100099943051,271.29084958513874,9,9
1025,10.266863019867477,281.141621476058,270.87475845619053,9,9
1050,10.614603543336052,281.05780957816273,270.4432060348267,9,9
1075,10.962382003506622,280.98851881354506,270.02613681003845,9,9
1100,11.310198423676535,280.92528712385155,269.615088700175,9,8
1125,11.658052826507003,280.8402043156854,269.1821514891784,9,8
1150,12.005945234024292,280.7696564686201,268.7637112345958,9,8
1175,12.353875667620896,280.7086612108378,268.3547855432169,9,8
1200,12.701844148056697,280.62962467742415,267.92778052936745,9,8
1225,13.04988881018905,281.5804885133194,268.53059970313035,9,8
1250,13.397933448230631,281.50539516817275,268.10746171994214,9,8
1275,13.746016191609547,281.4208513724569,267.67483518084737,9,8
1300,14.094137058567314,281.35981938952483,267.26568233095753,9,8
1325,14.442296066719027,281.28831093303273,266.8460148663137,9,8
1350,14.790493233054585,281.20618261466797,266.4156893816134,9,8
1375,15.138728573940037,281.14319427073974,266.0044656967997,9,8
1400,15.48700210511875,281.07212626767824,265.5851241625595,9,8
1425,15.835313841712894,280.99557694812285,265.16026310640996,9,8
1450,16.183663798224625,280.93370967012015,264.7500458718955,9,8
1475,16.532051988537503,280.8550140628452,264.3229620743077,9,8
1500,16.88047842591781,280.7723726368714,263.8918942109536,9,8
1525,17.228943123015913,280.70885932945,263.47991620643404,9,8
1550,17.577446091867607,280.6362209655241,263.0587748736565,9,8
1575,17.92598734389555,280.5617552262116,262.63576788231603,9,8
1600,18.2745668899106,280.4947304629833,262.2201635730727,9,8
1625,18.623222921802835,281.4364547313098,262.813231809507,9,8
1650,18.971879089981083,281.3687999182595,262.39692082827844,9,8
1675,19.32057358092331,281.30604148352455,261.9854679026013,9,8
1700,19.66930640300723,281.2247765141684,261.5554701111612,9,8
1725,20.018077564005853,281.1489687160831,261.13089115207725,9,8
1750,20.366887071088907,281.0820352125002,260.7151481414113,9,8
1775,20.715734930824265,281.0087557658626,260.2930208350383,9,8
1800,21.064621149179423,280.93915373779424,259.87453258861484,9,8
1825,21.413545731522916,280.87399573213287,259.46045000060997,9,8
1850,21.76250868262581,280.79731723262523,259.0348085499994,9,8
1875,22.111510006663128,280.72606819437567,258.61455818771253,9,8
1900,22.460549707215343,280.6632881017334,258.202738394518,9,8
1925,22.80962778726983,280.5877945740275,257.77816678675765,9,8
1950,23.15874424922234,280.51438919008046,257.3556449408581,9,8
1975,23.507899094878496,280.44401340766035,256.93611431278185,9,8
2000,23.8570923254552,280.36891967534336,256.51182734988816,9,8
2025,24.206362190493678,281.32343259755095,257.11707040705727,9,8
2050,24.555632196418856,281.25800325905794,256.7023710626391,9,8
2075,24.904940587398073,281.1802400773455,256.27529948994743,9,8
2100,25.254287362308105,281.1138879125277,255.85960055021957,9,8
