month,temp_anomaly,sun_deg_tropical,mars_deg_tropical,moon_deg_tropical,sun_mars_angle_tropical,lunar_day_tropical,sun_deg_vedic_lahiri,mars_deg_vedic_lahiri,moon_deg_vedic_lahiri,sun_mars_angle_vedic_lahiri,lunar_day_vedic_lahiri
1970-07,0.18,112.58197108556598,118.20852649565138,247.22503033678592,5.626555410085402,12,89.13429249598255,94.76084790606795,223.7773517472025,5.626555410085402,12
1971-07,-0.04,112.35398779245585,321.8416727305662,25.777991571960133,150.51231506188967,23,88.89102821721015,298.3787131553205,2.3150319967144313,150.51231506188964,23
1972-07,-0.17,113.07987649191168,130.6532207898326,171.26630054170866,17.573344297920926,5,89.60187257248542,107.17521687040635,147.7882966222824,17.573344297920926,5
1973-07,0.32,112.84727041450904,15.403384132147158,292.87858621912903,97.44388628236189,16,89.3548103074789,351.910924025117,269.38612611209885,97.44388628236186,16
1974-07,-0.07,112.62089586204425,142.4618045612985,57.741719792892,29.840908699254243,26,89.11463794916422,118.95554664841846,34.23546188001197,29.840908699254243,26
1975-07,0.06,112.39275826825804,40.0563151229389,198.16058780877768,72.33644314531914,8,88.87307711424548,16.536633968926342,174.6409066547651,72.33644314531914,8
1976-07,-0.02,113.10885215348681,155.1710379235569,341.25841300026264,42.06218577007009,20,89.57615564071301,131.6383414107831,317.72571648748885,42.0621857700701,20
1977-07,0.24,112.87734198483932,58.5087308253913,103.1858939489177,54.36861115944802,30,89.33212943647351,34.96351827702548,79.6406814005519,54.36861115944803,30
1978-07,0.12,112.64544136260145,167.9453636529449,228.3053260125168,55.29992229034346,10,89.08797794892803,144.38790023927146,204.7478625988433,55.29992229034343,10
1979-07,0.16,112.41134070087048,73.65693204455927,10.040996431368514,38.75440865631121,22,88.8414668528596,50.087058196548384,346.4711225833576,38.75440865631121,22
1980-07,0.36,113.13225347848737,182.67204237423127,150.92835828892265,69.5397888957439,4,89.54975122115763,159.08954011690153,127.34585603159294,69.5397888957439,4
1981-07,0.51,112.89789651411606,88.05544521977379,273.41342543111216,24.84245129434227,14,89.30257049565579,64.46011920131353,249.81809941265192,24.842451294342254,14
1982-07,0.1,112.67068637705954,199.78858966959936,39.80161856326989,87.11790329253982,24,89.06206050005368,176.1799637925935,16.19299268626404,87.11790329253982,24
1983-07,0.5,112.44366299259904,100.8596823592568,181.67078315734875,11.58398063334225,6,88.82102436997846,77.2370437366362,158.04814453472815,11.583980633342264,6
1984-07,0.31,113.1630793658602,225.80271108595093,320.7957275774217,112.63963172009073,18,89.5259157560876,202.1655474761783,297.1585639676491,112.63963172009069,18
1985-07,0.27,112.93504515964135,113.73088060369928,83.25188219425684,0.7958354440579285,28,89.28308513860559,90.07892058266351,59.59992217322108,0.7958354440579285,28
1986-07,0.28,112.70926051301856,286.1475738102934,211.17417711773328,173.43831329727485,9,89.04209761095004,262.48041090822494,187.5070142156647,173.4383132972749,9
1987-07,0.35,112.4808007695785,125.6146180539476,353.03891296244245,13.133817284369101,21,88.79803910534572,101.93185638971481,329.35615129820974,13.133817284369087,21
1988-07,0.55,113.20529441989405,0.7601922165490624,130.99249547555922,112.44510220334499,2,89.50693695751615,337.0618347541712,107.29413801318132,112.44510220334496,2
1989-07,0.11,112.97360371365082,138.02811922015044,253.3234110388881,25.054515506499627,12,89.25996059348489,114.31447609998452,229.60976791872218,25.054515506499627,12
1990-07,0.39,112.74616168653665,31.942103790765078,23.25692248489941,80.80405789577158,23,89.0174025982909,8.213344702519318,359.52816339665367,80.80405789577158,23
1991-07,0.41,112.51728481227377,149.98455153184116,163.56682608135046,37.46726671956739,5,88.77365634941943,126.24092306898683,139.8231976184961,37.467266719567405,5
1992-07,0.44,113.235973748255,52.1999478138294,300.9708206682581,61.03602593442561,16,89.47804453867089,28.442018604245288,277.212891458674,61.036025934425595,16
1993-07,0.34,113.00479387448851,163.05601445950504,63.11782015825843,50.05122058501652,26,89.23327543222139,139.28449601723793,39.34630171599131,50.05122058501654,26
1994-07,0.23,112.77724476857529,68.14001452634793,195.56978144575322,44.63723024222736,7,88.99253202675345,44.355301784526084,171.78506870393136,44.63723024222737,7
1995-07,0.54,112.5455837689543,176.561608160722,334.34107523052404,64.01602439176769,19,88.74801995360102,152.76404434536866,310.54351141517077,64.01602439176764,19
1996-07,0.28,113.26597678083175,83.02235816129254,111.33166904257203,30.243618619539205,30,89.45595207591967,59.212333456380485,87.52164433765996,30.243618619539184,30
1997-07,0.26,113.03365879641743,192.7704815488211,232.90688463163863,79.73682275240367,10,89.21142200488381,168.9482447572875,209.08464784010508,79.7368227524037,10
1998-07,0.6,112.80467473608849,96.14372427897212,7.804981584659275,16.66095045711637,22,88.96999337152121,72.30904291440486,343.970300220092,16.660950457116357,22
1999-07,0.47,112.5748254780047,213.8257132529605,144.48947868902567,101.2508877749558,3,88.72740032343982,189.97828809839564,120.6420535344608,101.25088777495581,3
2000-07,0.32,113.29366790898041,109.2152087719036,281.5789291956303,4.0784591370768055,15,89.43319451997304,85.35473538289624,257.7184558066229,4.0784591370768055,15
2001-07,0.46,113.0607557772434,255.24818584792547,43.21116315310719,142.18743007068207,25,89.18681014028411,231.37424021096612,19.337217516147874,142.187430070682,25
2002-07,0.68,112.83333672069368,121.19462419477415,180.20846286497328,8.36128747408047,6,88.94517826767287,97.30646574175333,156.32030441195246,8.361287474080456,6
2003-07,0.71,112.60282573195146,338.88585558150254,314.6879792021161,133.7169701504489,17,88.69995938325675,314.9829892328079,290.7851128534214,133.71697015044887,17
2004-07,0.62,113.32402915470368,133.62509872644705,91.64188143472423,20.30106957174337,29,89.40615052069569,109.70722009243904,67.72400280071622,20.301069571743355,29
2005-07,0.77,113.0960446969929,22.27699027012551,213.3195326329773,90.8190544268674,9,89.16290748456257,358.3438530576952,189.38639542054702,90.81905442686741,9
2006-07,0.6,112.87015960703839,145.4800055991363,352.42341933822325,32.6098459920979,20,88.92139039633159,121.53123638842952,328.47465012751644,32.60984599209793,20
2007-07,0.92,112.64287826368023,44.65401850338154,125.1939002158731,67.98885976029868,2,88.67854881184775,20.689689051549074,101.22957076404063,67.98885976029868,2
2008-07,0.28,113.36539081488993,158.30468616353897,261.86694322027654,44.93929534864904,13,89.38579074316561,134.32508609181463,237.88734314855216,44.93929534864901,13
2009-07,0.67,113.13469609724741,62.37174796224726,24.208034894603003,50.76294813500015,23,89.14016954514861,38.37722141014847,0.21350834250421374,50.76294813500014,23
2010-07,0.76,112.9083862646514,171.3164205154209,164.00425979915468,58.408034250769504,5,88.89917508443317,147.30720933520266,139.99504861893647,58.40803425076949,5
2011-07,0.55,112.67832754745761,77.14472228806673,295.383319445475,35.53360525939088,16,88.65504183764538,53.1214365782545,271.3600337356628,35.53360525939088,16
2012-07,0.51,113.39633744819582,186.4916632040395,71.65521534465043,73.09532575584367,27,89.35960458194775,162.4549303377914,47.61848247840237,73.09532575584366,27
2013-07,0.68,113.16471190809371,91.31453941628074,195.3121367501836,21.85017249181297,7,89.11500699776305,67.26483450595008,171.26243183985295,21.85017249181297,7
2014-07,0.75,112.93458988604242,204.70656004071446,335.78137938995707,91.77197015467205,19,88.8721670554897,180.64413721016174,311.7189565594044,91.77197015467205,19
2015-07,0.84,112.7014975647108,103.98026896329937,106.09966559584241,8.72122860141144,30,88.62671750009885,79.90548889868741,82.02488553123042,8.72122860141144,30
2016-07,1.2,113.42150353884487,234.65488847170812,241.39425174083152,121.23338493286325,11,89.33444696725435,210.56783190011762,217.30719516924094,121.23338493286327,11
2017-07,1.04,113.18889331165198,116.758659274898,6.697184454398854,3.569765963246013,22,89.08933722790007,92.6591031911461,342.59762837064693,3.5697659632460272,22
2018-07,0.85,112.96144473172005,307.10129297840643,146.60611519357485,165.86015175331363,3,88.84899161914896,282.9888398658354,122.49366208100376,165.86015175331354,3
2019-07,0.93,112.73282250104405,128.59738150934714,276.75236788959415,15.86455900830309,14,88.6071754569975,104.4717344653006,252.62672084554757,15.864559008303104,14
2020-07,1.17,113.45223873927524,10.04335167595328,51.1990523584055,103.40888706332197,25,89.31284877455353,345.90396171123155,27.059662393683794,103.40888706332197,25
2021-07,0.84,113.2238485614978,141.0222727564801,178.57275581328966,27.798424194982303,6,89.0700676571527,116.86849185213502,154.41897490894456,27.798424194982317,6
2022-07,0.93,112.99855203126565,37.09133992320222,317.486875817617,75.90721210806342,18,88.82986781503664,12.922655706973204,293.318191601388,75.90721210806343,18
2023-07,0.9,112.76767279458669,153.05662059068007,87.32685596027507,40.28894779609338,28,88.58389024917096,128.87283804526433,63.14307341485937,40.28894779609337,28
