Date(YYYY-MM),Sunspots,Sentiment
1960-01,207.2,
1960-02,149.9,100.0
1960-03,144.6,
1960-04,172.7,
1960-05,169.3,93.3
1960-06,156.0,
1960-07,172.4,
1960-08,190.0,97.2
1960-09,180.1,
1960-10,117.3,
1960-11,126.9,90.1
1960-12,121.2,
1961-01,82.1,
1961-02,65.4,91.6
1961-03,75.2,
1961-04,86.9,
1961-05,72.3,92.5
1961-06,109.5,
1961-07,99.3,
1961-08,79.2,99.2
1961-09,90.1,
1961-10,53.7,
1961-11,46.5,93.0
1961-12,56.9,
1962-01,55.1,
1962-02,71.7,99.9
1962-03,64.9,
1962-04,65.9,
1962-05,61.9,95.4
1962-06,59.6,
1962-07,31.4,
1962-08,31.5,91.6
1962-09,72.7,
1962-10,56.1,
1962-11,38.8,95.0
1962-12,33.2,
1963-01,28.7,
1963-02,35.2,98.4
1963-03,24.8,
1963-04,41.7,
1963-05,61.1,91.7
1963-06,51.2,
1963-07,28.7,
1963-08,47.5,96.4
1963-09,55.2,
1963-10,50.1,
1963-11,33.7,94.4
1963-12,21.6,
1964-01,22.6,
1964-02,25.3,99.5
1964-03,24.1,
1964-04,12.9,
1964-05,14.3,98.5
1964-06,13.5,
1964-07,4.8,
1964-08,13.8,100.6
1964-09,7.0,
1964-10,9.2,
1964-11,11.1,99.9
1964-12,22.1,
1965-01,25.4,
1965-02,20.8,102.0
1965-03,17.5,
1965-04,10.2,
1965-05,34.5,105.4
1965-06,23.3,
1965-07,17.3,
1965-08,13.3,103.4
1965-09,24.5,
1965-10,29.1,
1965-11,22.8,102.9
1965-12,24.7,
1966-01,40.3,
1966-02,35.3,100.0
1966-03,36.4,
1966-04,69.0,
1966-05,64.2,95.7
1966-06,67.7,
1966-07,80.2,
1966-08,72.6,91.2
1966-09,71.1,
1966-10,81.2,
1966-11,81.0,88.3
1966-12,99.8,
1967-01,157.0,
1967-02,132.6,94.1
1967-03,158.3,
1967-04,98.4,
1967-05,122.5,95.9
1967-06,95.4,
1967-07,129.5,
1967-08,151.8,97.0
1967-09,108.7,
1967-10,125.0,
1967-11,133.6,92.9
1967-12,179.0,
1968-01,172.5,
1968-02,158.5,97.2
1968-03,130.5,
1968-04,115.0,
1968-05,180.0,92.4
1968-06,156.2,
1968-07,136.2,
1968-08,154.8,92.4
1968-09,166.0,
1968-10,152.5,
1968-11,121.7,91.7
1968-12,155.5,
1969-01,147.8,
1969-02,170.5,98.2
1969-03,192.3,
1969-04,151.1,
1969-05,169.9,91.5
1969-06,150.1,
1969-07,137.1,
1969-08,138.8,86.4
1969-09,129.3,
1969-10,135.4,
1969-11,132.4,79.7
1969-12,138.6,
1970-01,157.9,
1970-02,180.8,78.1
1970-03,145.7,
1970-04,155.1,
1970-05,180.5,75.4
1970-06,151.3,
1970-07,159.3,
1970-08,131.7,77.6
1970-09,140.8,
1970-10,122.6,
1970-11,134.8,72.4
1970-12,118.2,
1971-01,129.2,
1971-02,111.8,78.1
1971-03,85.9,
1971-04,101.6,
1971-05,81.5,80.2
1971-06,70.7,
1971-07,114.7,
1971-08,87.0,82.1
1971-09,71.3,
1971-10,73.4,
1971-11,89.5,82.0
1971-12,116.5,
1972-01,87.0,
1972-02,125.3,92.8
1972-03,113.5,
1972-04,89.6,
1972-05,113.9,88.6
1972-06,124.7,
1972-07,108.3,
1972-08,108.9,95.2
1972-09,90.7,
1972-10,86.9,
1972-11,59.2,90.7
1972-12,64.3,
1973-01,61.8,
1973-02,60.9,81.9
1973-03,65.4,
1973-04,81.8,
1973-05,60.3,77.0
1973-06,56.1,
1973-07,33.2,
1973-08,36.6,72.0
1973-09,84.1,
1973-10,43.7,
1973-11,34.3,76.5
1973-12,33.3,
1974-01,39.4,
1974-02,37.3,61.8
1974-03,30.9,
1974-04,57.5,
1974-05,56.3,72.1
1974-06,51.5,
1974-07,79.1,
1974-08,47.9,64.4
1974-09,57.2,
1974-10,67.2,
1974-11,35.9,59.5
1974-12,29.6,
1975-01,27.3,
1975-02,16.7,57.6
1975-03,16.9,
1975-04,7.7,
1975-05,13.1,72.8
1975-06,16.7,
1975-07,40.4,
1975-08,56.7,75.7
1975-09,20.3,
1975-10,13.6,
1975-11,27.9,75.6
1975-12,11.6,
1976-01,11.9,
1976-02,6.4,84.6
1976-03,31.5,
1976-04,27.3,
1976-05,18.2,83.3
1976-06,17.9,
1976-07,2.9,
1976-08,24.1,89.7
1976-09,20.0,
1976-10,29.7,
1976-11,7.9,87.0
1976-12,22.3,
1977-01,23.8,
1977-02,33.3,87.1
1977-03,13.0,
1977-04,19.0,
1977-05,27.0,90.2
1977-06,54.9,
1977-07,30.6,
1977-08,43.0,89.0
1977-09,62.4,
1977-10,62.1,
1977-11,41.6,84.4
1977-12,61.4,
1978-01,73.7,83.7
1978-02,132.6,84.3
1978-03,108.4,78.8
1978-04,141.2,81.6
1978-05,117.1,82.9
1978-06,134.6,80.0
1978-07,99.7,82.4
1978-08,82.4,78.4
1978-09,195.7,80.4
1978-10,177.1,79.3
1978-11,138.5,75.0
1978-12,173.9,66.1
1979-01,235.9,72.1
1979-02,194.7,73.9
1979-03,195.3,68.4
1979-04,143.7,66.0
1979-05,190.3,68.1
1979-06,211.7,65.8
1979-07,225.7,60.4
1979-08,201.4,64.5
1979-09,266.9,66.7
1979-10,263.6,62.1
1979-11,259.5,63.3
1979-12,249.6,61.0
1980-01,226.1,67.0
1980-02,219.4,66.9
1980-03,178.7,56.5
1980-04,232.2,52.7
1980-05,254.7,51.7
1980-06,222.7,58.7
1980-07,192.9,62.3
1980-08,191.7,67.3
1980-09,219.6,73.7
1980-10,233.3,75.0
1980-11,209.5,76.7
1980-12,246.9,64.5
1981-01,156.6,71.4
1981-02,189.9,66.9
1981-03,196.6,66.5
1981-04,225.3,72.4
1981-05,194.7,76.3
1981-06,131.6,73.1
1981-07,205.3,74.1
1981-08,242.5,77.2
1981-09,245.3,73.1
1981-10,216.2,70.3
1981-11,186.0,62.5
1981-12,195.4,64.3
1982-01,149.8,71.0
1982-02,230.9,66.5
1982-03,221.1,62.0
1982-04,170.3,65.5
1982-05,119.3,67.5
1982-06,163.7,65.7
1982-07,139.4,65.4
1982-08,161.9,65.4
1982-09,167.4,69.3
1982-10,134.3,73.4
1982-11,127.5,72.1
1982-12,169.0,71.9
1983-01,115.5,70.4
1983-02,73.1,74.6
1983-03,88.7,80.8
1983-04,109.6,89.1
1983-05,132.5,93.3
1983-06,131.5,92.2
1983-07,108.9,92.8
1983-08,96.0,90.9
1983-09,69.9,89.9
1983-10,72.5,89.3
1983-11,45.7,91.1
1983-12,45.6,94.2
1984-01,74.8,100.1
1984-02,110.2,97.4
1984-03,116.7,101.0
1984-04,90.4,96.1
1984-05,96.9,98.1
1984-06,65.1,95.5
1984-07,55.7,96.6
1984-08,35.0,99.1
1984-09,22.6,100.9
1984-10,12.6,96.3
1984-11,26.5,95.7
1984-12,21.4,92.9
1985-01,17.8,96.0
1985-02,20.7,93.7
1985-03,16.9,93.7
1985-04,20.4,94.6
1985-05,32.4,91.8
1985-06,28.3,96.5
1985-07,39.9,94.0
1985-08,10.1,92.4
1985-09,4.3,92.1
1985-10,22.0,88.4
1985-11,17.9,90.9
1985-12,15.8,93.9
1986-01,2.8,95.6
1986-02,27.9,95.9
1986-03,13.8,95.1
1986-04,22.4,96.2
1986-05,16.1,94.8
1986-06,0.6,99.3
1986-07,18.1,97.7
1986-08,9.9,94.9
1986-09,5.1,91.9
1986-10,40.1,95.6
1986-11,15.4,91.4
1986-12,5.8,89.1
1987-01,9.8,90.4
1987-02,3.4,90.2
1987-03,17.4,90.8
1987-04,46.0,92.8
1987-05,39.1,91.1
1987-06,18.8,91.5
1987-07,38.2,93.7
1987-08,47.9,94.4
1987-09,42.2,93.6
1987-10,63.4,89.3
1987-11,48.8,83.1
1987-12,29.1,86.8
1988-01,70.5,90.8
1988-02,45.4,91.6
1988-03,91.2,94.6
1988-04,108.8,91.2
1988-05,74.2,94.8
1988-06,124.3,94.7
1988-07,131.4,93.4
1988-08,139.4,97.4
1988-09,142.7,97.3
1988-10,156.5,94.1
1988-11,156.8,93.0
1988-12,231.2,91.9
1989-01,210.1,97.9
1989-02,208.7,95.4
1989-03,170.4,94.3
1989-04,166.3,91.5
1989-05,195.4,90.7
1989-06,284.5,90.6
1989-07,180.5,92.0
1989-08,232.0,89.6
1989-09,225.1,95.8
1989-10,212.2,93.9
1989-11,238.2,90.9
1989-12,211.4,90.5
1990-01,227.4,93.0
1990-02,171.8,89.5
1990-03,191.7,91.3
1990-04,189.7,93.9
1990-05,175.2,90.6
1990-06,153.3,88.3
1990-07,191.1,88.2
1990-08,252.1,76.4
1990-09,169.1,72.8
1990-10,199.4,63.9
1990-11,178.8,66.0
1990-12,197.1,65.5
1991-01,195.3,66.8
1991-02,240.3,70.4
1991-03,197.0,87.7
1991-04,197.6,81.8
1991-05,166.9,78.3
1991-06,224.7,82.1
1991-07,240.2,82.9
1991-08,240.8,82.0
1991-09,168.9,83.0
1991-10,197.1,78.3
1991-11,159.5,69.1
1991-12,212.6,68.2
1992-01,198.3,67.5
1992-02,230.7,68.8
1992-03,151.0,76.0
1992-04,142.2,77.2
1992-05,94.3,79.2
1992-06,98.5,80.4
1992-07,114.2,76.6
1992-08,91.9,76.1
1992-09,94.0,75.6
1992-10,133.4,73.3
1992-11,129.6,85.3
1992-12,122.0,91.0
1993-01,81.4,89.3
1993-02,127.8,86.6
1993-03,102.4,85.9
1993-04,94.4,85.6
1993-05,78.8,80.3
1993-06,69.6,81.5
1993-07,80.4,77.0
1993-08,62.5,77.3
1993-09,31.2,77.9
1993-10,71.1,82.7
1993-11,48.2,81.2
1993-12,68.4,88.2
1994-01,84.9,94.3
1994-02,54.9,93.2
1994-03,47.5,91.5
1994-04,27.4,92.6
1994-05,29.8,92.8
1994-06,39.7,91.2
1994-07,50.6,89.0
1994-08,34.3,91.7
1994-09,40.5,91.5
1994-10,67.1,92.7
1994-11,29.5,91.6
1994-12,32.2,95.1
1995-01,32.6,97.6
1995-02,45.8,95.1
1995-03,46.3,90.3
1995-04,21.6,92.5
1995-05,19.4,89.8
1995-06,22.5,92.7
1995-07,20.4,94.4
1995-08,18.2,96.2
1995-09,15.7,88.9
1995-10,30.6,90.2
1995-11,14.0,88.2
1995-12,14.9,91.0
1996-01,13.3,89.3
1996-02,7.7,88.5
1996-03,12.6,93.7
1996-04,6.8,92.7
1996-05,7.6,89.4
1996-06,16.5,92.4
1996-07,11.8,94.7
1996-08,19.7,95.3
1996-09,3.0,94.7
1996-10,0.7,96.5
1996-11,24.9,99.2
1996-12,14.0,96.9
1997-01,7.4,97.4
1997-02,11.0,99.7
1997-03,12.1,100.0
1997-04,23.0,101.4
1997-05,25.4,103.2
1997-06,20.8,104.5
1997-07,12.9,107.1
1997-08,35.7,104.4
1997-09,59.7,106.0
1997-10,32.8,105.6
1997-11,50.4,107.2
1997-12,55.5,102.1
1998-01,44.5,106.6
1998-02,50.2,110.4
1998-03,82.0,106.5
1998-04,70.6,108.7
1998-05,74.0,106.5
1998-06,90.5,105.6
1998-07,96.7,105.2
1998-08,121.1,104.4
1998-09,132.0,100.9
1998-10,78.5,97.4
1998-11,97.3,102.7
1998-12,119.2,100.5
1999-01,86.0,103.9
1999-02,98.0,108.1
1999-03,103.5,105.7
1999-04,93.6,104.6
1999-05,149.6,106.8
1999-06,207.2,107.3
1999-07,173.5,106.0
1999-08,142.3,104.5
1999-09,106.3,107.2
1999-10,168.7,103.2
1999-11,188.3,107.2
1999-12,116.8,105.4
2000-01,133.1,112.0
2000-02,165.7,111.3
2000-03,217.7,107.1
2000-04,191.5,109.2
2000-05,165.9,110.7
2000-06,188.0,106.4
2000-07,244.3,108.3
2000-08,180.5,107.3
2000-09,156.0,106.8
2000-10,141.6,105.8
2000-11,158.1,107.6
2000-12,143.3,98.4
2001-01,142.6,94.7
2001-02,121.5,90.6
2001-03,165.8,91.5
2001-04,161.7,88.4
2001-05,142.1,92.0
2001-06,202.9,92.6
2001-07,123.0,92.4
2001-08,161.5,91.5
2001-09,238.2,81.8
2001-10,194.1,82.7
2001-11,176.6,83.9
2001-12,213.4,88.8
2002-01,184.6,93.0
2002-02,170.2,90.7
2002-03,147.1,95.7
2002-04,186.9,93.0
2002-05,187.5,96.9
2002-06,128.8,92.4
2002-07,161.0,88.1
2002-08,175.6,87.6
2002-09,187.9,86.1
2002-10,151.2,80.6
2002-11,147.2,84.2
2002-12,135.3,86.7
2003-01,133.5,82.4
2003-02,75.7,79.9
2003-03,100.7,77.6
2003-04,97.9,86.0
2003-05,86.8,92.1
2003-06,118.7,89.7
2003-07,128.3,90.9
2003-08,115.4,89.3
2003-09,78.5,87.7
2003-10,97.8,89.6
2003-11,82.9,93.7
2003-12,72.2,92.6
2004-01,60.6,103.8
2004-02,74.6,94.4
2004-03,74.8,95.8
2004-04,59.2,94.2
2004-05,72.8,90.2
2004-06,66.5,95.6
2004-07,83.8,96.7
2004-08,69.7,95.9
2004-09,48.8,94.2
2004-10,74.2,91.7
2004-11,70.1,92.8
2004-12,28.9,97.1
2005-01,48.1,95.5
2005-02,43.5,94.1
2005-03,39.6,92.6
2005-04,38.7,87.7
2005-05,61.9,86.9
2005-06,56.8,96.0
2005-07,62.4,96.5
2005-08,60.5,89.1
2005-09,37.2,76.9
2005-10,13.2,74.2
2005-11,27.5,81.6
2005-12,59.3,91.5
2006-01,20.9,91.2
2006-02,5.7,86.7
2006-03,17.3,88.9
2006-04,50.3,87.4
2006-05,37.2,79.1
2006-06,24.5,84.9
2006-07,22.2,84.7
2006-08,20.8,82.0
2006-09,23.7,85.4
2006-10,14.9,93.6
2006-11,35.7,92.1
2006-12,22.3,91.7
2007-01,29.3,96.9
2007-02,18.4,91.3
2007-03,7.2,88.4
2007-04,5.4,87.1
2007-05,19.5,88.3
2007-06,21.3,85.3
2007-07,15.1,90.4
2007-08,9.8,83.4
2007-09,4.0,83.4
2007-10,1.5,80.9
2007-11,2.8,76.1
2007-12,17.3,75.5
2008-01,4.1,78.4
2008-02,2.9,70.8
2008-03,15.5,69.5
2008-04,3.6,62.6
2008-05,4.6,59.8
2008-06,5.2,56.4
2008-07,0.6,61.2
2008-08,0.3,63.0
2008-09,1.2,70.3
2008-10,4.2,57.6
2008-11,6.6,55.3
2008-12,1.0,60.1
2009-01,1.3,61.2
2009-02,1.2,56.3
2009-03,0.6,57.3
2009-04,1.2,65.1
2009-05,2.9,68.7
2009-06,6.3,70.8
2009-07,5.5,66.0
2009-08,0.0,65.7
2009-09,7.1,73.5
2009-10,7.7,70.6
2009-11,6.9,67.4
2009-12,16.3,72.5
2010-01,19.5,74.4
2010-02,28.5,73.6
2010-03,24.0,73.6
2010-04,10.4,72.2
2010-05,13.9,73.6
2010-06,18.8,76.0
2010-07,25.2,67.8
2010-08,29.6,68.9
2010-09,36.4,68.2
2010-10,33.6,67.7
2010-11,34.4,71.6
2010-12,24.5,74.5
2011-01,27.3,74.2
2011-02,48.3,77.5
2011-03,78.6,67.5
2011-04,76.1,69.8
2011-05,58.2,74.3
2011-06,56.1,71.5
2011-07,64.5,63.7
2011-08,65.8,55.8
2011-09,120.1,59.5
2011-10,125.7,60.8
2011-11,139.1,63.7
2011-12,109.3,69.9
2012-01,94.4,75.0
2012-02,47.8,75.3
2012-03,86.6,76.2
2012-04,85.9,76.4
2012-05,96.5,79.3
2012-06,92.0,73.2
2012-07,100.1,72.3
2012-08,94.8,74.3
2012-09,93.7,78.3
2012-10,76.5,82.6
2012-11,87.6,82.7
2012-12,56.8,72.9
2013-01,96.1,73.8
2013-02,60.9,77.6
2013-03,78.3,78.6
2013-04,107.3,76.4
2013-05,120.2,84.5
2013-06,76.7,84.1
2013-07,86.2,85.1
2013-08,91.8,82.1
2013-09,54.5,77.5
2013-10,114.4,73.2
2013-11,113.9,75.1
2013-12,124.2,82.5
2014-01,117.0,81.2
2014-02,146.1,81.6
2014-03,128.7,80.0
2014-04,112.5,84.1
2014-05,112.5,81.9
2014-06,102.9,82.5
2014-07,100.2,81.8
2014-08,106.9,82.5
2014-09,130.0,84.6
2014-10,90.0,86.9
2014-11,103.6,88.8
2014-12,112.9,93.6
2015-01,93.0,98.1
2015-02,66.7,95.4
2015-03,54.5,93.0
2015-04,75.3,95.9
2015-05,88.8,90.7
2015-06,66.5,96.1
2015-07,65.8,93.1
2015-08,64.4,91.9
2015-09,78.6,87.2
2015-10,63.6,90.0
2015-11,62.2,91.3
2015-12,58.0,92.6
2016-01,57.0,92.0
2016-02,56.4,91.7
2016-03,54.1,91.0
2016-04,37.9,89.0
2016-05,51.5,94.7
2016-06,20.5,93.5
2016-07,32.4,90.0
2016-08,50.2,89.8
2016-09,44.6,91.2
2016-10,33.4,87.2
2016-11,21.4,93.8
2016-12,18.5,98.2
2017-01,26.1,98.5
2017-02,26.4,96.3
2017-03,17.7,96.9
2017-04,32.3,97.0
2017-05,18.9,97.1
2017-06,19.2,95.0
2017-07,17.8,93.4
2017-08,32.6,96.8
2017-09,43.7,95.1
2017-10,13.2,100.7
2017-11,5.7,98.5
2017-12,8.2,95.9
2018-01,6.8,95.7
2018-02,10.7,99.7
2018-03,2.5,101.4
2018-04,8.9,98.8
2018-05,13.1,98.0
2018-06,15.6,98.2
2018-07,1.6,97.9
2018-08,8.7,96.2
2018-09,3.3,100.1
2018-10,4.9,98.6
2018-11,4.9,97.5
2018-12,3.1,98.3
2019-01,7.7,91.2
2019-02,0.8,93.8
2019-03,9.4,98.4
2019-04,9.1,97.2
2019-05,9.9,100.0
2019-06,1.2,98.2
2019-07,0.9,98.4
2019-08,0.5,89.8
2019-09,1.1,93.2
2019-10,0.4,95.5
2019-11,0.5,96.8
2019-12,1.5,99.3
2020-01,6.2,99.8
2020-02,0.2,101.0
2020-03,1.5,89.1
2020-04,5.2,71.8
2020-05,0.2,72.3
2020-06,5.8,78.1
2020-07,6.1,72.5
2020-08,7.5,74.1
2020-09,0.6,80.4
2020-10,14.6,81.8
2020-11,34.5,76.9
2020-12,23.1,80.7
2021-01,10.4,79.0
2021-02,8.2,76.8
2021-03,17.2,84.9
2021-04,24.5,88.3
2021-05,21.2,82.9
2021-06,25.0,85.5
2021-07,34.3,81.2
2021-08,22.0,70.3
2021-09,51.3,72.8
2021-10,37.4,71.7
2021-11,34.8,67.4
2021-12,67.5,70.6
2022-01,55.3,67.2
2022-02,60.9,62.8
2022-03,78.6,59.4
2022-04,84.0,65.2
2022-05,96.5,58.4
2022-06,70.3,50.0
2022-07,91.4,51.5
2022-08,74.6,58.2
2022-09,96.0,58.6
2022-10,95.5,59.9
2022-11,80.5,56.7
2022-12,112.8,59.8
2023-01,144.4,64.9
2023-02,111.3,66.9
2023-03,123.3,62.0
2023-04,97.6,63.7
2023-05,137.4,59.0
2023-06,160.5,64.2
2023-07,160.0,71.5
2023-08,114.8,69.4
2023-09,134.2,67.8
2023-10,99.9,63.8
2023-11,107.1,61.3
2023-12,113.5,69.7
