category,cosine_metric,,
political,-2.89759449918642,,
political,10.133232358303900,,
political,-2.6990523971445000,,
political,2.0817476559140100,,
political,-1.760459967623620,,
political,-1.6281005252634400,,
political,3.666721173087150,,
political,4.51459145695633,,
political,-3.013487101215600,,
political,5.366693411340840,,
political,3.1196723792318200,,
political,1.7247731593164100,,
political,-1.0439389565527800,,
political,6.320667853923420,,
political,1.6981507171860700,,
political,-1.915665407226640,,
political,4.584612544607140,,
political,-1.755231982867630,,
political,3.2070302376857600,,
political,1.437231675091030,,
political,12.121529752842300,,
political,17.48690001604950,,
political,14.117296902205800,,
political,18.775250332697700,,
political,13.017796138339900,,
political,-3.300858089330360,,
political,10.558909864192600,,
political,-0.5001306403118240,,
political,-2.203543946963190,,
political,5.944031458666670,,
political,-3.922489868704310,,
political,0.5073425737717650,,
political,-0.4529519800192060,,
political,10.136664540847700,,
political,2.7569167579422700,,
political,-1.6772758709134000,,
political,-2.9967925247757700,,
political,-1.3671895050791000,,
political,-3.8640867178532800,,
political,-2.6444134770391000,,
political,-0.9173915941335660,,
political,1.2749415606524800,,
political,1.7029213482042800,,
political,0.5530810132141470,,
political,5.493455297176030,,
political,15.671631868297900,,
political,-0.6047590343461980,,
political,6.195533093960050,,
political,3.136770301008150,,
political,2.9042865649266500,,
political,-0.6399851779124110,,
political,10.445295545581000,,
political,3.651002530834180,,
political,5.223255480952650,,
political,13.426496992030500,,
political,12.967865771915700,,
political,5.242182451420850,,
political,-0.9287966404257430,,
political,3.713732295046700,,
political,-0.10174214245269200,,
political,-1.318543372404520,,
political,-1.369936040889820,,
political,-2.1605409984980900,,
political,0.8209273840946310,,
political,0.36723126810904800,,
political,1.9127609734511000,,
political,0.5505033079575700,,
political,-1.1984494740231900,,
political,-1.1214991038809400,,
political,6.923395387819210,,
political,1.4239211883699000,,
political,12.90856125270570,,
political,-2.884208109400310,,
political,11.343797481595900,,
political,3.5233159953459500,,
political,-2.371864265612860,,
political,-3.102729240669390,,
political,2.2023904449005900,,
political,9.324606656308650,,
political,6.671545496153200,,
political,13.269213602435900,,
political,-2.983918547038610,,
political,-3.9765408051131400,,
political,6.873635059614150,,
political,5.923817176331050,,
political,1.2657985794081100,,
political,1.6671930700722400,,
political,9.045247239489260,,
political,1.772185617554730,,
political,2.0822954566883700,,
political,-0.9216485253857370,,
political,8.620832055224820,,
political,2.694232666704670,,
political,4.566319147099370,,
political,-2.9697077724162300,,
political,1.425648293122190,,
political,2.5740597072799700,,
political,2.2023904449005900,,
political,8.845472793994830,,
political,2.119898540396210,,
political,2.0822954566883700,,
political,-3.5407581971210000,,
political,-2.048152949921400,,
political,-3.5103132889801900,,
political,3.1959907923932900,,
political,1.0331427935645700,,
political,8.454116339660660,,
political,-3.0142904338590400,,
political,-2.420792751483370,,
political,4.388628026552360,,
political,-3.8163798872871500,,
political,-3.9469155933943700,,
political,0.07862595310415990,,
political,2.9483385719174100,,
political,12.5924102349452,,
political,9.496342031328790,,
political,-3.9762086319009400,,
political,9.939382838177900,,
political,4.4379991088484000,,
political,9.615687254075590,,
political,9.186250505082140,,
political,5.391789636048740,,
political,5.895051237869420,,
political,3.4924844360866400,,
political,2.7659621086753800,,
political,-3.431270301688650,,
political,0.31285205997074100,,
political,-2.61511263983675,,
political,-0.9379653881427530,,
political,5.663804442763840,,
political,6.425725071357370,,
military,-0.32140981165084400,,
military,-3.140121350089860,,
military,2.8765487692383400,,
military,-1.056767303618950,,
military,7.803217059709070,,
military,2.172100411939240,,
military,-3.4725470714694700,,
military,13.417696226155000,,
military,-1.0394682987029100,,
military,4.811830421265110,,
military,9.349833729877020,,
military,2.650998772623260,,
military,8.307988255150580,,
military,5.389579244658200,,
military,-3.6824827533001300,,
military,8.140527259817730,,
military,12.509875493101700,,
military,-0.28321738649752800,,
military,-1.3633286995206900,,
military,-0.4364713420791890,,
military,2.8594801111777900,,
military,15.802626967021300,,
military,15.359530432433400,,
military,15.78523278409430,,
military,4.279031318968900,,
military,5.670150234748170,,
military,4.746661408682700,,
military,1.1897860595430100,,
military,1.0277159424575000,,
military,-2.471055129833670,,
military,-2.976661146755480,,
military,-3.3516680431649400,,
military,0.15991723307782700,,
military,3.645233638946820,,
military,-1.5342199896158200,,
military,5.3056431243462900,,
military,3.814362928647900,,
military,8.409925429677170,,
military,9.319753479425520,,
military,8.28337891961191,,
military,3.258482973139790,,
military,-2.518233426698240,,
military,3.7185507211991600,,
military,2.4837360797489900,,
military,1.3023051368007300,,
military,-3.479411310681340,,
military,-1.4966194161362700,,
military,-3.042644092581180,,
military,2.9480395009613700,,
military,1.8503548268466100,,
military,2.7659621086753800,,
military,-2.2814245346623300,,
military,-3.602883125277960,,
military,-3.71512711541291,,
military,-2.3712946442572500,,
military,14.598785670594700,,
military,1.8916104934459300,,
military,-2.9880617424172800,,
disaster,8.026993733674220,,
disaster,3.8750420210907900,,
disaster,5.9832084583384000,,
disaster,-2.0806049495440300,,
disaster,-0.7636207663998800,,
disaster,0.5088131308150240,,
disaster,0.10100861951648600,,
disaster,3.1762969852695000,,
disaster,3.6200126370717000,,
disaster,-0.07925022398693650,,
disaster,-1.0864895747379100,,
disaster,-3.460932338984090,,
disaster,-3.9453047255195500,,
disaster,-1.443245055176740,,
disaster,-2.6400211401651300,,
disaster,-3.541430907494280,,
disaster,-3.5922960307914800,,
disaster,-3.1869820119961100,,
disaster,9.524623240209890,,
disaster,-0.47656730545738400,,
disaster,2.6146128067324700,,
disaster,-3.9640417978336700,,
disaster,2.124498628809870,,
disaster,-0.734436605017295,,
disaster,2.919322328018930,,
disaster,-0.9234876025829810,,
disaster,-1.1277900269687300,,
disaster,2.3220376215981000,,
disaster,-0.23631777765404400,,
disaster,0.14452846418586100,,
disaster,-3.87402361277937,,
disaster,4.160968547502450,,
disaster,2.4782655066356000,,
disaster,-3.6477897344561500,,
disaster,16.410237014191600,,
disaster,4.283802334021180,,
disaster,-0.3282800211800460,,
disaster,7.35586520155236,,
disaster,16.695151241086400,,
disaster,6.175334702036740,,
disaster,1.8022480584747600,,
disaster,-3.9616017663918000,,
disaster,-3.977887030868650,,
disaster,7.700726649288680,,
disaster,12.232789206488200,,
disaster,5.909845940839680,,
disaster,1.082734418092910,,
disaster,14.425480408931200,,
disaster,2.2806363345013000,,
disaster,-2.0702831564414100,,
disaster,4.3499688062600400,,
disaster,1.4798010613501500,,
disaster,-1.0151550941267800,,
disaster,-1.3988834220635800,,
disaster,-3.835144694454420,,
disaster,2.9282630970929000,,
disaster,-2.4768257642806500,,
disaster,5.311115900990770,,
disaster,6.346361091041740,,
disaster,-1.4425531944758300,,
disaster,-2.612914012335440,,
disaster,-1.0762575805013300,,
disaster,4.992207796131410,,
disaster,-1.9003186444679900,,
disaster,14.859813838278700,,
disaster,2.6593121238809800,,
disaster,5.28759580783388,,
disaster,18.543917304110300,,
disaster,-3.0072231303097900,,
disaster,0.985488695350784,,
disaster,7.543781705025910,,
disaster,-1.0151550941267800,,
disaster,6.346361091041740,,
disaster,4.54272094746841,,
disaster,-3.505696765681240,,
disaster,-3.9494728823793200,,
disaster,-0.02250256361585300,,
disaster,8.22126100490853,,
disaster,2.574269248347250,,
disaster,2.020389391397630,,
disaster,0.8179320533586430,,
disaster,8.997214252768530,,
disaster,0.9458855517392190,,
disaster,0.9290090734352320,,
disaster,-2.869216040119040,,
disaster,2.4365361289819600,,
disaster,-0.4093068195173110,,
disaster,-3.759715719037780,,
disaster,-1.3003669762839700,,
disaster,-1.0384543285294000,,
disaster,-1.791041065752560,,
disaster,-0.5773913944827270,,
disaster,-1.90122285886478,,
disaster,-1.3139532506704500,,
disaster,4.409557367507460,,
disaster,-1.292137429606230,,
disaster,-2.573942628642180,,
disaster,-0.244232371983447,,
disaster,7.859422580870430,,
disaster,-1.573969917162130,,
disaster,0.9999170710708810,,
disaster,-1.2753024006561400,,
disaster,10.142701294031100,,
disaster,-2.2347130267331600,,
disaster,-2.745806856923740,,
disaster,-2.6732427573335500,,
disaster,8.265290513197900,,
disaster,-2.044068259208560,,
disaster,-2.044068259208560,,
disaster,-1.0402489468905300,,
disaster,3.230171502977210,,
disaster,7.938304593861860,,
disaster,-3.94686372665509,,
disaster,9.21083642102193,,
disaster,1.8888695200605600,,
disaster,1.2417083778065100,,
disaster,-3.0863055372888100,,
disaster,-3.115018845923880,,
disaster,2.4246962315927300,,
disaster,1.305285498184640,,
disaster,3.116452590641730,,
disaster,-2.4067385377700800,,
disaster,1.0836805985421200,,
disaster,0.8473457528123410,,
disaster,-2.2539478453158900,,
disaster,-2.8400763237699600,,
disaster,-1.3104761296554700,,
disaster,2.0822954566883700,,
disaster,9.850291573815090,,
disaster,10.009649251525300,,
disaster,-0.5807565096054990,,
disaster,-1.7975471553916400,,
disaster,-3.864734483096360,,
disaster,-1.681394298480230,,
disaster,0.5192552476902840,,
disaster,11.171949728288900,,
disaster,0.5088131308150240,,
disaster,10.97765863500130,,
disaster,1.7309465478053600,,
disaster,-3.4299352839331000,,
disaster,-1.3328876996921600,,
disaster,-0.9647907958049340,,
disaster,-0.9763153092394500,,
disaster,-1.4964942042935900,,
disaster,1.9550404322313700,,
disaster,-2.0457476746744100,,
disaster,-2.385675629921850,,
disaster,-3.7596782661704900,,
disaster,2.023184705329940,,
disaster,-2.6470335101987200,,
disaster,9.32387109425937,,
disaster,5.650536513050650,,
disaster,1.682314582860590,,
disaster,6.310584699213370,,
disaster,-3.2205776184051800,,
disaster,0.6268384961555420,,
disaster,-0.8628197405204750,,
disaster,1.354134801949890,,
disaster,-1.2420135635585700,,
disaster,-2.865931694499580,,
disaster,-1.9449572107407800,,
disaster,9.547072109270290,,
disaster,-1.2015211696045700,,
disaster,-2.160589688269410,,
disaster,-1.218108938175950,,
disaster,-3.029768923942790,,
disaster,-0.7702392508552940,,
disaster,-2.7568827805469300,,
disaster,1.2890188001117500,,
disaster,-3.7862013068595400,,
disaster,12.045841668275500,,
disaster,8.820687196861390,,
disaster,-1.4363176686189400,,
disaster,-1.9649277723288000,,
disaster,6.346361091041740,,
disaster,-2.925362243558420,,
disaster,5.606264206816010,,
disaster,1.0872781896735100,,
disaster,-3.2203933189234500,,
disaster,-2.2122315762744600,,
disaster,3.809156603643250,,
disaster,-3.6244609842853700,,
economic,-1.8579353608504600,,
economic,-0.7681857304348220,,
economic,-3.2421222185844300,,
economic,-1.2081548137191700,,
economic,-0.7135451086284650,,
economic,6.603964602099310,,
economic,-2.3975818949555100,,
economic,-3.06654445398257,,
economic,-1.8887451285364700,,
economic,9.742008441561870,,
economic,6.446118146854440,,
economic,-2.138645117009420,,
economic,-3.909574762067120,,
economic,-2.365393557958630,,
economic,-0.23510787051668200,,
economic,-0.7883387919711260,,
economic,5.121554809547570,,
economic,-0.04720954971593410,,
economic,-1.2294355480843400,,
economic,-3.9572737115495700,,
economic,-0.304098373143577,,
economic,3.4258004860717700,,
economic,-2.878090375266200,,
economic,-1.524326440363800,,
economic,15.056661711540500,,
economic,16.66093153973540,,
economic,5.888100595790100,,
economic,7.666719132332220,,
economic,1.8916104934459300,,
economic,4.887517293815450,,
economic,-3.8566654165314500,,
economic,0.24523839780463100,,
economic,18.749087969463800,,
economic,-0.9559473340018520,,
economic,3.520798773592880,,
economic,-1.6637264595476200,,
economic,1.4323682927707300,,
economic,8.77229931968706,,
economic,2.3365157961150200,,
economic,-3.7219214560047600,,
economic,-3.141229355544610,,
economic,-2.649461962809550,,
economic,-3.808939736314310,,
economic,3.223023835250670,,
economic,13.956363928892500,,
economic,8.16988796813476,,
economic,4.82086565190457,,
economic,11.013665627807700,,
economic,1.0158100653763000,,
economic,-0.1492922452848460,,
economic,1.814878833404080,,
disaster,1.0405367944344500,,
disaster,-2.0081068057076500,,
disaster,11.171949728288900,,
disaster,1.9550404322313700,,
disaster,-2.1214088029500300,,
disaster,4.111899913625830,,
disaster,4.4344619788043200,,
disaster,-2.888123443997500,,
disaster,0.15084818853875600,,
disaster,1.4040053495011000,,
disaster,0.6655480066862790,,
disaster,13.327910204356700,,
disaster,-2.839404725636760,,
disaster,4.546146868577590,,
disaster,1.841940421547270,,
disaster,-2.352673077093980,,
disaster,-0.3360904795226870,,
disaster,4.141688002725880,,
disaster,9.956610800286190,,
disaster,15.483011336395100,,
disaster,8.757525160273430,,
disaster,6.911385384863210,,
disaster,11.366499017716300,,
disaster,16.66093153973540,,
disaster,6.857984462763170,,
disaster,6.942417001746500,,
disaster,13.764680298988300,,
disaster,-0.43585328724479100,,
disaster,1.3772477005842700,,
disaster,8.068765597838680,,
political,4.5450738401013,,
political,5.725922594717540,,
political,12.36717789231700,,
political,10.364898014679500,,
political,1.0325240174237600,,
political,-3.137497525584930,,
political,1.034903513791750,,
political,-1.2434183049053200,,
political,-3.7055679749586900,,
political,2.081038068409740,,
political,2.7021094766372200,,
political,-2.7257148288777000,,
political,-3.7845169169298600,,
political,3.1519056517272400,,
political,13.668582533534000,,
political,4.81284696176967,,
political,3.7577308222007300,,
political,2.2505521751179500,,
political,4.759490602523960,,
political,-1.297182030841120,,
political,-3.9288411551743300,,
political,-2.3287143100708100,,
political,-0.393716162918591,,
political,2.9300063696479400,,
political,5.945203692343460,,
political,8.162879350808690,,
political,12.426679380258500,,
political,6.985341152423990,,
political,1.246257462482140,,
disaster,13.655058729455500,,
disaster,-3.7862013068595400,,
disaster,12.045841668275500,,
disaster,8.820687196861390,,
political,0.23210162844230400,,
disaster,-1.244195382845400,,
political,-3.482500662657600,,
political,10.355062543230300,,
disaster,-1.9649277723288000,,
disaster,6.346361091041740,,
political,4.658273819764710,,
political,-3.8128645910564100,,
political,3.332425535154070,,
political,-2.8903477483829900,,
political,11.641876848530100,,
political,0.4274959885802440,,
political,6.891590298459330,,