vix,conjunctions,squares,oppositions,trines,sextiles,hard_aspects,soft_aspects
17.790000915527300,0,2,0,0,0,2,0
19.920000076293900,0,2,0,0,0,2,0
21.1200008392334,0,2,0,0,0,2,0
19.309999465942400,0,2,0,0,0,2,0
17.010000228881800,0,2,0,0,0,2,0
17.549999237060500,0,2,0,0,0,2,0
19.600000381469700,0,2,0,0,0,2,0
20.559999465942400,0,2,0,0,0,2,0
21.479999542236300,0,2,0,0,0,2,0
22.389999389648400,0,2,0,0,0,2,0
20.950000762939500,0,2,0,0,0,2,0
19.889999389648400,0,2,0,0,0,2,0
18.850000381469700,0,2,0,0,0,2,0
16.399999618530300,0,2,0,0,0,2,0
16.65999984741210,0,2,0,0,0,2,0
15.520000457763700,0,2,0,0,0,2,0
17.219999313354500,0,2,0,1,0,2,1
20.440000534057600,0,2,0,1,0,2,1
18.760000228881800,0,2,0,1,0,2,1
20.969999313354500,0,2,0,1,0,2,1
19.43000030517580,0,2,0,1,0,2,1
17.329999923706100,0,2,0,1,0,2,1
18.329999923706100,0,2,0,1,0,2,1
16.850000381469700,0,2,0,1,0,2,1
17.290000915527300,0,2,0,1,0,2,1
18.549999237060500,0,2,0,1,0,2,1
17.229999542236300,0,2,0,1,0,2,1
16.959999084472700,0,2,0,1,0,2,1
15.34000015258790,0,2,0,1,0,2,1
14.6899995803833,0,2,0,1,0,2,1
15.800000190734900,0,2,0,1,0,2,1
15.449999809265100,0,2,0,1,0,2,1
15.289999961853000,0,2,0,1,0,2,1
14.300000190734900,0,2,0,1,0,2,1
14.5600004196167,0,2,0,1,0,2,1
13.6899995803833,0,2,0,1,0,2,1
13.84000015258790,0,2,0,1,0,2,1
13.90999984741210,0,2,0,1,0,2,1
13.34000015258790,0,2,0,1,0,2,1
13.039999961853000,0,2,0,1,0,2,1
13.859999656677200,0,2,0,1,0,2,1
14.229999542236300,0,2,0,1,0,2,1
14.039999961853000,0,2,0,1,0,2,1
15.199999809265100,0,2,0,1,0,2,1
15.0600004196167,0,2,0,1,0,2,1
16.690000534057600,0,2,0,1,0,2,1
16.8700008392334,0,2,0,1,0,2,1
15.420000076293900,0,2,0,1,0,2,1
16.0,0,2,0,1,0,2,1
15.609999656677200,0,2,0,1,0,2,1
15.65999984741210,0,2,0,1,0,2,1
13.970000267028800,0,2,0,1,0,2,1
14.069999694824200,0,2,0,1,0,2,1
13.020000457763700,0,2,0,1,0,2,1
13.40999984741210,0,2,0,1,0,2,1
13.619999885559100,0,2,0,1,0,2,1
15.4399995803833,0,2,0,1,0,2,1
15.800000190734900,0,2,0,1,0,2,1
15.069999694824200,0,2,0,1,0,2,1
14.510000228881800,0,2,0,1,0,2,1
15.289999961853000,0,2,0,1,0,2,1
15.109999656677200,0,2,0,1,0,2,1
14.670000076293900,0,2,0,1,0,2,1
14.739999771118200,0,2,0,1,0,2,1
14.779999732971200,0,2,0,1,0,2,1
13.979999542236300,0,2,0,1,0,2,1
13.09000015258790,0,2,0,1,0,2,1
12.579999923706100,0,2,0,1,0,2,1
13.9399995803833,0,2,0,1,0,2,1
13.670000076293900,0,2,0,1,0,2,1
12.84000015258790,0,2,0,1,0,2,1
12.600000381469700,0,2,0,1,0,2,1
13.890000343322800,0,2,0,1,0,2,1
13.300000190734900,0,2,0,1,0,2,1
13.25,0,2,0,1,0,2,1
12.710000038147000,0,2,0,1,0,2,1
12.479999542236300,0,2,0,1,0,2,1
12.289999961853000,0,2,0,1,0,2,1
13.119999885559100,0,2,0,1,0,2,1
12.40999984741210,0,2,0,1,0,2,1
13.390000343322800,0,2,0,1,0,2,1
14.550000190734900,0,1,0,1,0,1,1
12.699999809265100,0,1,0,1,0,1,1
12.850000381469700,0,1,0,1,0,1,1
14.3100004196167,0,1,0,1,0,1,1
15.149999618530300,0,1,0,1,0,1,1
15.130000114440900,0,1,0,1,0,1,1
12.859999656677200,0,1,0,1,0,1,1
13.850000381469700,0,1,0,1,0,1,1
13.859999656677200,0,1,0,1,0,1,1
13.760000228881800,0,1,0,1,0,1,1
12.739999771118200,0,1,0,1,0,1,1
12.380000114440900,0,1,0,1,0,1,1
12.729999542236300,0,1,0,1,0,1,1
12.850000381469700,0,1,0,1,0,1,1
12.880000114440900,0,1,0,1,0,1,1
12.109999656677200,0,1,0,1,0,1,1
12.130000114440900,0,1,0,1,0,1,1
14.0600004196167,0,1,0,1,0,1,1
13.270000457763700,0,1,0,1,0,1,1
13.3100004196167,0,1,0,1,0,1,1
13.84000015258790,0,1,0,1,0,1,1
13.970000267028800,0,1,0,1,0,1,1
14.239999771118200,0,1,0,1,0,1,1
13.65999984741210,0,1,0,1,0,1,1
14.710000038147000,0,1,0,1,0,1,1
14.210000038147000,0,1,0,1,0,1,1
15.289999961853000,0,1,0,1,0,1,1
14.470000267028800,0,1,0,1,0,1,1
13.220000267028800,0,1,0,1,0,1,1
12.850000381469700,0,1,0,1,0,1,1
13.779999732971200,0,1,0,1,0,1,1
15.390000343322800,0,1,0,1,1,1,2
14.8100004196167,0,1,0,1,1,1,2
14.5,0,1,0,1,1,1,2
13.1899995803833,0,1,0,1,1,1,2
13.960000038147000,0,1,0,1,1,1,2
12.739999771118200,0,1,0,1,1,1,2
12.109999656677200,0,1,0,1,1,1,2
13.260000228881800,0,1,0,1,1,1,2
14.010000228881800,0,1,0,1,1,1,2
14.020000457763700,0,1,0,1,1,1,2
18.850000381469700,0,1,0,1,1,1,2
18.229999542236300,0,1,0,1,1,1,2
16.09000015258790,0,1,0,1,1,1,2
16.790000915527300,0,1,0,1,1,1,2
17.010000228881800,0,0,0,1,1,0,2
16.09000015258790,0,0,0,1,1,0,2
19.65999984741210,0,1,0,1,1,1,2
19.969999313354500,0,1,0,1,1,1,2
16.829999923706100,0,1,0,1,1,1,2
13.899999618530300,0,1,0,1,1,1,2
13.369999885559100,0,1,0,1,1,1,2
13.229999542236300,0,1,0,1,1,1,2
12.109999656677200,0,1,0,1,1,1,2
11.949999809265100,0,1,0,1,1,1,2
12.25,0,1,0,1,1,1,2
12.220000267028800,0,1,0,1,1,1,2
12.119999885559100,0,1,0,1,1,1,2
12.640000343322800,0,1,0,1,1,1,2
13.739999771118200,0,1,0,1,1,1,2
15.600000381469700,0,1,0,0,1,1,1
13.4399995803833,0,1,0,0,1,1,1
12.5,0,1,0,0,1,1,1
12.130000114440900,0,1,0,0,1,1,1
12.119999885559100,0,1,0,0,1,1,1
12.5600004196167,0,1,0,0,1,1,1
13.0,0,1,0,0,1,1,1
12.510000228881800,0,1,0,0,1,1,1
13.770000457763700,0,1,0,0,1,1,1
13.390000343322800,0,1,0,0,1,1,1
12.229999542236300,0,1,0,0,1,1,1
13.710000038147000,0,1,0,0,1,1,1
13.609999656677200,0,1,0,0,1,1,1
13.489999771118200,0,1,0,0,1,1,1
12.829999923706100,0,1,0,0,1,1,1
13.020000457763700,0,1,1,0,1,2,1
13.789999961853000,0,1,1,0,1,2,1
15.25,0,1,1,0,1,2,1
19.139999389648400,0,1,1,0,1,2,1
28.030000686645500,0,1,1,0,1,2,1
40.7400016784668,0,1,1,0,1,2,1
36.02000045776370,0,1,1,0,1,2,1
30.31999969482420,0,1,1,0,1,2,1
26.100000381469700,0,1,1,0,1,2,1
26.049999237060500,0,1,1,0,1,2,1
28.43000030517580,0,1,1,0,1,2,1
31.399999618530300,0,1,1,0,1,2,1
26.09000015258790,0,1,1,0,1,2,1
25.610000610351600,0,1,1,0,1,2,1
27.799999237060500,0,0,1,0,1,1,1
24.899999618530300,0,0,1,0,1,1,1
26.229999542236300,0,0,1,0,1,1,1
24.3700008392334,0,0,1,0,1,1,1
23.200000762939500,0,0,1,0,1,1,1
24.25,0,0,1,1,1,1,2
22.540000915527300,0,0,1,1,1,1,2
21.350000381469700,0,0,1,1,0,1,1
21.139999389648400,0,0,1,1,0,1,1
22.280000686645500,0,0,1,1,0,1,1
20.139999389648400,0,0,1,1,0,1,1
22.440000534057600,0,0,1,1,0,1,1
22.1299991607666,0,0,1,1,0,1,1
23.469999313354500,0,0,1,1,0,1,1
23.6200008392334,0,0,1,1,0,1,1
27.6299991607666,0,0,1,1,0,1,1
26.829999923706100,0,0,1,1,0,1,1
24.5,0,1,1,1,0,2,1
22.549999237060500,0,1,1,1,0,2,1
20.940000534057600,0,1,1,1,0,2,1
19.540000915527300,0,1,1,1,0,2,1
19.399999618530300,0,1,1,1,0,2,1
18.399999618530300,0,2,1,1,0,3,1
17.420000076293900,0,2,1,1,0,3,1
17.079999923706100,0,2,1,1,0,3,1
16.170000076293900,0,2,1,1,0,3,1
17.670000076293900,0,2,1,1,0,3,1
18.030000686645500,0,2,1,1,0,3,1
16.049999237060500,0,2,1,1,0,3,1
15.050000190734900,0,2,1,1,0,3,1
14.979999542236300,0,2,1,1,0,3,1
15.75,0,2,1,1,0,3,1
16.700000762939500,0,2,1,1,0,3,1
14.449999809265100,0,2,1,1,0,3,1
14.460000038147000,0,2,0,1,0,2,1
15.289999961853000,0,2,0,1,0,2,1
15.430000305175800,0,2,0,1,0,2,1
14.329999923706100,0,2,0,1,0,2,1
14.609999656677200,0,2,0,1,0,2,1
15.069999694824200,0,2,0,1,0,2,1
14.149999618530300,0,2,0,1,0,2,1
14.539999961853000,0,2,0,1,0,2,1
15.510000228881800,0,2,0,1,0,2,1
15.050000190734900,0,2,0,1,0,2,1
14.329999923706100,0,2,0,1,0,2,1
16.520000457763700,0,2,0,1,0,2,1
15.289999961853000,0,2,0,1,0,2,1
16.059999465942400,0,2,0,1,0,2,1
18.3700008392334,0,2,0,1,0,2,1
20.079999923706100,0,2,0,1,0,2,1
18.15999984741210,0,2,0,1,0,2,1
18.84000015258790,0,2,0,1,0,2,1
16.850000381469700,0,2,0,1,0,2,1
16.989999771118200,0,2,0,1,0,2,1
15.470000267028800,0,2,0,1,0,2,1
15.619999885559100,0,2,0,0,0,2,0
15.930000305175800,0,2,0,0,0,2,0
15.1899995803833,0,2,0,0,0,2,0
15.119999885559100,0,2,0,0,0,2,0
16.1299991607666,0,2,0,0,0,2,0
14.670000076293900,0,2,0,0,0,2,0
15.90999984741210,0,2,0,0,0,2,0
18.110000610351600,0,2,0,0,0,2,0
14.8100004196167,0,2,0,0,0,2,0
15.84000015258790,0,2,0,0,0,2,0
17.600000381469700,0,2,0,0,0,2,0
19.610000610351600,0,2,0,0,0,2,0
19.34000015258790,0,2,0,0,0,2,0
24.389999389648400,0,2,0,0,0,2,0
22.729999542236300,0,2,0,0,0,2,0
20.950000762939500,0,2,0,0,0,2,0
17.860000610351600,0,2,0,0,0,2,0
18.940000534057600,0,2,0,0,0,2,0
20.700000762939500,0,2,0,0,0,2,0
18.700000762939500,0,2,0,0,0,2,0
16.600000381469700,0,2,0,0,0,2,0
15.569999694824200,0,2,0,0,0,2,0
15.739999771118200,0,2,0,0,0,2,0
16.90999984741210,0,2,0,1,0,2,1
16.079999923706100,0,2,0,1,0,2,1
17.290000915527300,0,2,0,1,0,2,1
18.209999084472700,0,2,0,1,0,2,1
20.700000762939500,0,2,0,1,0,2,1
19.34000015258790,0,2,0,1,0,2,1
20.59000015258790,0,2,0,1,0,2,1
24.989999771118200,0,2,0,1,0,2,1
27.010000228881800,0,2,0,1,0,2,1
24.299999237060500,0,2,0,1,0,2,1
22.469999313354500,0,2,0,1,0,2,1
25.219999313354500,0,2,0,1,0,2,1
23.950000762939500,0,2,0,1,0,2,1
27.020000457763700,0,2,0,1,0,2,1
26.049999237060500,0,2,0,1,0,2,1
27.59000015258790,0,2,0,1,0,2,1
26.690000534057600,0,2,0,1,0,2,1
22.34000015258790,0,2,0,1,0,2,1
24.149999618530300,0,2,0,1,0,2,1
22.5,0,2,0,1,0,2,1
23.110000610351600,0,2,0,1,0,2,1
22.420000076293900,0,2,0,1,0,2,1
20.200000762939500,0,2,0,1,0,2,1
19.979999542236300,0,2,0,1,0,2,1
21.979999542236300,0,2,0,1,0,2,1
21.649999618530300,0,2,0,2,0,2,2
21.84000015258790,0,2,0,2,0,2,2
23.3799991607666,0,2,0,2,0,2,2
26.0,0,2,0,2,0,2,2
26.540000915527300,0,1,0,2,0,1,2
26.290000915527300,0,1,0,2,0,1,2
28.139999389648400,0,1,0,2,0,1,2
25.399999618530300,0,1,0,2,0,1,2
24.110000610351600,0,2,0,2,0,2,2
22.309999465942400,0,2,0,2,0,2,2
21.639999389648400,0,2,0,2,0,2,2
20.530000686645500,0,2,0,2,0,2,2
19.3799991607666,0,2,0,2,0,2,2
20.979999542236300,0,2,0,2,0,2,2
20.719999313354500,0,2,0,2,0,2,2
19.110000610351600,0,2,0,2,0,2,2
19.809999465942400,0,2,0,2,0,2,2
20.549999237060500,0,2,0,2,0,2,2
17.700000762939500,0,2,0,2,0,2,2
17.09000015258790,0,2,0,2,0,2,2
16.700000762939500,0,2,0,2,0,2,2
16.860000610351600,0,2,0,2,0,2,2
17.350000381469700,0,2,0,2,0,2,2
18.670000076293900,0,2,0,2,0,2,2
18.34000015258790,0,2,0,2,0,2,2
18.049999237060500,0,2,0,2,0,2,2
16.5,0,2,1,2,0,3,2
16.920000076293900,0,2,1,2,0,3,2
16.84000015258790,0,2,1,2,0,3,2
14.989999771118200,0,2,1,2,0,3,2
14.4399995803833,0,2,1,2,0,3,2
14.020000457763700,0,2,1,2,0,3,2
13.789999961853000,0,2,1,2,0,3,2
14.170000076293900,0,2,1,2,0,3,2
14.9399995803833,0,2,1,2,0,3,2
14.739999771118200,0,3,1,2,0,4,2
15.239999771118200,0,3,1,2,0,4,2
13.819999694824200,0,3,1,2,0,4,2
13.5600004196167,0,3,1,2,0,4,2
13.949999809265100,0,3,1,2,0,4,2
13.100000381469700,0,3,1,2,0,4,2
14.119999885559100,0,3,1,2,0,4,2
15.420000076293900,0,3,1,2,0,4,2
14.09000015258790,0,3,1,2,0,4,2
16.15999984741210,0,3,1,2,0,4,2
15.359999656677200,0,3,1,2,0,4,2
16.260000228881800,0,3,1,2,0,4,2
14.850000381469700,0,3,1,2,0,4,2
13.84000015258790,0,3,1,2,0,4,2
13.720000267028800,0,3,1,2,0,4,2
13.619999885559100,0,3,1,2,0,4,2
13.350000381469700,0,3,1,2,0,4,2
13.239999771118200,0,3,1,2,0,4,2
13.279999732971200,0,3,1,2,0,4,2
13.949999809265100,0,3,1,2,0,4,2
13.220000267028800,0,3,1,2,0,4,2
14.079999923706100,0,3,1,2,0,4,2
13.960000038147000,0,3,1,2,0,4,2
13.770000457763700,0,3,1,2,0,4,2
15.220000267028800,0,3,1,1,0,4,1
15.699999809265100,0,3,1,1,0,4,1
14.680000305175800,0,3,1,1,0,4,1
15.600000381469700,0,3,1,1,0,4,1
16.049999237060500,0,3,1,1,0,4,1
15.90999984741210,0,3,1,1,0,4,1
14.720000267028800,0,3,1,1,0,4,1
14.569999694824200,0,3,1,1,0,4,1
13.630000114440900,0,3,1,1,0,4,1
14.6899995803833,0,3,1,1,0,4,1
14.40999984741210,0,3,1,1,0,4,1
15.039999961853000,0,3,1,1,0,4,1
14.680000305175800,0,3,1,1,0,4,1
15.569999694824200,0,3,1,1,0,4,1
15.949999809265100,0,3,1,1,0,4,1
16.329999923706100,0,3,1,1,0,4,1
15.199999809265100,0,3,1,1,0,4,1
15.819999694824200,0,3,1,1,0,4,1
14.420000076293900,0,3,1,1,0,4,1
13.899999618530300,0,3,1,1,0,4,1
13.430000305175800,0,3,1,1,0,4,1
13.119999885559100,0,3,1,1,0,4,1
14.1899995803833,0,2,1,1,0,3,1
14.199999809265100,0,2,1,1,0,3,1
13.630000114440900,0,2,1,1,0,3,1
13.470000267028800,0,2,1,1,1,3,2
13.649999618530300,0,2,1,1,1,3,2
14.050000190734900,0,2,1,1,1,3,2
14.079999923706100,0,2,1,1,1,3,2
14.640000343322800,0,2,1,1,1,3,2
17.030000686645500,0,2,1,1,1,3,2
20.969999313354500,0,2,1,1,1,3,2
20.5,0,2,1,1,1,3,2
20.139999389648400,0,2,1,1,1,3,2
19.3700008392334,0,2,1,1,1,3,2
19.40999984741210,0,2,1,1,1,3,2
18.3700008392334,0,2,1,1,1,3,2
18.479999542236300,0,2,1,1,1,3,2
21.170000076293900,0,2,1,1,1,3,2
17.25,0,2,1,1,1,3,2
25.760000228881800,0,2,1,1,1,3,2
23.850000381469700,0,2,1,1,1,3,2
18.75,0,2,1,1,1,3,2
16.639999389648400,0,2,1,1,1,3,2
15.630000114440900,0,2,1,1,1,3,2
14.770000457763700,0,2,1,1,1,3,2
15.579999923706100,0,1,1,1,1,2,2
14.960000038147000,0,1,1,1,1,2,2
14.760000228881800,0,1,1,1,1,2,2
13.199999809265100,0,1,1,1,1,2,2
13.539999961853000,0,1,1,1,1,2,2
13.550000190734900,0,1,1,1,1,2,2
13.039999961853000,0,1,1,1,1,2,2
12.819999694824200,0,1,1,1,1,2,2
12.670000076293900,0,1,1,1,1,2,2
12.4399995803833,0,1,1,1,1,2,2
11.970000267028800,0,1,0,1,1,1,2
11.770000457763700,0,1,0,1,1,1,2
12.739999771118200,0,1,0,1,1,1,2
12.020000457763700,0,1,0,1,1,1,2
12.869999885559100,0,1,0,1,1,1,2
13.050000190734900,0,1,0,1,1,1,2
12.829999923706100,0,1,0,1,1,1,2
12.720000267028800,0,1,0,1,1,1,2
11.869999885559100,0,1,0,1,1,1,2
12.4399995803833,0,1,0,0,1,1,1
13.369999885559100,0,1,0,0,1,1,1
12.859999656677200,0,1,0,0,1,1,1
12.420000076293900,0,1,0,0,1,1,1
11.390000343322800,0,1,0,0,1,1,1
11.5,0,1,0,0,1,1,1
11.65999984741210,0,1,0,0,1,1,1
12.050000190734900,0,1,0,0,1,1,1
11.680000305175800,0,1,0,0,1,1,1
11.550000190734900,0,1,0,0,1,1,1
11.8100004196167,0,1,0,0,1,1,1
12.640000343322800,0,1,0,0,1,1,1
12.1899995803833,0,1,0,0,1,1,1
11.430000305175800,0,1,0,0,1,1,1
11.34000015258790,0,1,0,0,1,1,1
12.270000457763700,0,1,0,0,1,1,1
12.380000114440900,0,1,0,0,1,1,1
13.449999809265100,0,1,0,0,1,1,1
13.630000114440900,0,1,0,0,1,1,1
13.649999618530300,0,1,0,0,1,1,1
12.9399995803833,0,1,0,0,1,1,1
13.119999885559100,0,1,0,0,1,1,1
13.420000076293900,0,1,0,0,1,1,1
13.479999542236300,0,1,0,0,1,1,1
11.979999542236300,0,1,0,0,1,1,1
12.020000457763700,0,1,0,0,1,1,1
11.9399995803833,0,1,0,0,1,1,1
12.510000228881800,0,1,0,0,1,1,1
17.5,0,1,0,0,1,1,1
15.15999984741210,0,1,0,0,1,1,1
17.850000381469700,0,1,0,0,1,1,1
18.139999389648400,0,1,0,0,1,1,1
16.299999237060500,0,1,0,0,1,1,1
15.369999885559100,0,1,0,0,1,1,1
15.529999732971200,0,1,0,0,1,1,1
15.920000076293900,0,1,0,0,1,1,1
13.300000190734900,0,1,0,0,1,1,1
12.020000457763700,0,1,0,0,1,1,1
12.289999961853000,0,1,0,0,1,1,1
14.5,0,1,0,0,1,1,1
13.100000381469700,0,1,0,0,1,1,1
12.390000343322800,0,1,0,0,1,1,1
14.020000457763700,0,1,0,0,0,1,0
13.289999961853000,0,1,0,0,0,1,0
13.569999694824200,0,1,0,0,0,1,0
13.630000114440900,0,1,0,0,0,1,0
12.989999771118200,0,1,0,0,0,1,0
12.84000015258790,0,1,0,0,0,1,0
13.479999542236300,0,1,0,0,0,1,0
13.380000114440900,0,1,0,0,0,1,0
15.359999656677200,0,1,0,0,0,1,0
15.90999984741210,0,1,0,0,0,1,0
16.690000534057600,0,1,0,0,0,1,0
16.1200008392334,0,1,0,0,0,1,0
16.209999084472700,0,1,0,0,1,1,1
15.279999732971200,0,1,0,0,1,1,1
14.40999984741210,0,1,0,0,1,1,1
13.75,0,1,0,0,1,1,1
13.34000015258790,0,1,0,0,1,1,1
13.020000457763700,0,2,0,0,1,2,1
13.460000038147000,0,2,0,0,1,2,1
14.239999771118200,0,2,0,0,1,2,1
15.359999656677200,0,2,0,0,1,2,1
16.190000534057600,0,2,0,0,1,2,1
17.059999465942400,0,2,0,0,1,2,1
18.559999465942400,0,2,0,0,1,2,1
19.31999969482420,0,2,0,0,1,2,1
22.079999923706100,0,2,0,0,1,2,1
22.510000228881800,0,2,0,0,1,2,1
18.709999084472700,0,2,0,0,1,2,1
18.739999771118200,0,2,0,0,1,2,1
14.380000114440900,0,1,0,0,1,1,1
14.739999771118200,0,1,0,0,1,1,1
14.170000076293900,0,1,0,1,1,1,2
14.479999542236300,0,2,1,1,1,3,2
13.369999885559100,0,2,1,1,1,3,2
13.720000267028800,0,2,1,1,1,3,2
13.350000381469700,0,2,1,1,1,3,2
12.850000381469700,0,2,1,1,1,3,2
12.420000076293900,0,2,1,1,1,3,2
12.40999984741210,0,2,1,1,1,3,2
12.430000305175800,0,2,1,1,1,3,2
12.34000015258790,0,2,1,1,1,3,2
13.149999618530300,0,2,1,1,1,3,2
12.899999618530300,0,2,1,1,1,3,2
13.329999923706100,0,2,1,1,1,3,2
14.069999694824200,0,2,1,1,1,3,2
14.119999885559100,0,2,1,1,1,3,2
12.140000343322800,0,2,1,1,1,3,2
11.789999961853000,0,2,1,1,1,3,2
12.220000267028800,0,2,1,1,1,3,2
12.640000343322800,0,2,1,1,1,3,2
11.75,0,2,1,1,1,3,2
12.640000343322800,0,2,1,1,1,3,2
12.720000267028800,0,2,1,1,1,3,2
13.1899995803833,0,2,1,1,1,3,2
12.789999961853000,0,2,1,1,1,3,2
12.199999809265100,0,2,1,1,1,3,2
11.710000038147000,0,2,1,1,1,3,2
11.449999809265100,0,2,1,1,1,3,2
11.270000457763700,0,2,1,1,1,3,2
11.430000305175800,0,2,1,1,1,3,2
11.4399995803833,0,2,1,1,1,3,2
11.989999771118200,0,2,1,1,1,3,2
12.949999809265100,0,2,1,1,1,3,2
13.369999885559100,0,2,1,1,1,3,2
14.039999961853000,0,2,1,1,1,3,2
12.850000381469700,0,2,1,1,1,3,2
11.850000381469700,0,2,1,1,1,3,2
11.670000076293900,0,2,1,1,1,3,2
11.319999694824200,0,2,1,1,1,3,2
11.5600004196167,0,2,1,1,1,3,2
11.489999771118200,0,2,1,1,1,3,2
11.260000228881800,0,2,1,1,1,3,2
11.539999961853000,0,2,1,1,1,3,2
11.229999542236300,0,2,1,1,1,3,2
11.869999885559100,0,2,1,1,1,3,2
12.479999542236300,0,2,1,1,1,3,2
12.779999732971200,0,2,1,1,1,3,2
11.539999961853000,0,2,1,1,1,3,2
11.770000457763700,0,2,1,1,1,3,2
11.069999694824200,0,2,1,1,1,3,2
10.8100004196167,0,2,1,1,1,3,2
10.630000114440900,0,2,1,1,1,3,2
10.579999923706100,0,2,1,1,1,3,2
11.880000114440900,0,2,1,1,1,3,2
11.989999771118200,0,2,1,1,1,3,2
11.8100004196167,0,2,1,1,1,3,2
11.930000305175800,0,2,1,1,1,3,2
10.970000267028800,0,2,1,1,1,3,2
11.369999885559100,0,2,1,1,1,3,2
11.289999961853000,0,2,1,1,1,3,2
11.449999809265100,0,2,1,1,1,3,2
10.880000114440900,0,2,1,1,1,3,2
10.850000381469700,0,2,1,1,1,3,2
11.069999694824200,0,2,1,1,1,3,2
10.739999771118200,0,2,1,1,1,3,2
11.970000267028800,0,2,1,1,1,3,2
11.760000228881800,0,2,1,1,1,3,2
11.489999771118200,0,2,1,1,1,3,2
11.569999694824200,0,2,1,1,1,3,2
11.739999771118200,0,2,1,1,1,3,2
11.710000038147000,0,2,1,1,1,3,2
11.470000267028800,0,2,1,1,1,3,2
12.09000015258790,0,2,1,1,1,3,2
12.920000076293900,0,2,1,1,1,3,2
12.539999961853000,0,2,1,1,1,3,2
11.8100004196167,0,2,1,1,1,3,2
10.960000038147000,0,2,1,1,1,3,2
11.239999771118200,0,2,1,1,0,3,1
11.449999809265100,0,2,1,1,0,3,1
11.859999656677200,0,2,1,1,0,3,1
12.300000190734900,0,2,1,1,0,3,1
11.65999984741210,0,2,1,1,0,3,1
11.350000381469700,0,2,1,1,0,3,1
12.300000190734900,0,2,1,1,0,3,1
11.630000114440900,0,2,1,1,0,3,1
11.210000038147000,0,2,1,1,0,3,1
11.279999732971200,0,2,1,1,0,3,1
11.34000015258790,0,2,1,1,0,3,1
12.470000267028800,0,2,1,1,0,3,1
12.8100004196167,0,2,1,1,0,3,1
13.119999885559100,0,2,1,1,0,3,1
12.960000038147000,0,2,1,1,0,3,1
12.5,0,2,1,1,0,3,1
11.529999732971200,0,2,1,1,0,3,1
11.420000076293900,0,2,1,1,0,3,1
11.539999961853000,0,2,1,1,0,3,1
12.369999885559100,0,2,1,1,0,3,1
12.380000114440900,0,2,1,1,0,3,1
11.789999961853000,0,2,1,1,0,3,1
12.890000343322800,0,2,1,1,0,3,1
12.390000343322800,0,2,1,1,0,3,1
12.869999885559100,0,2,1,1,0,3,1
14.050000190734900,0,2,1,1,0,3,1
15.069999694824200,0,2,1,1,0,3,1
15.770000457763700,0,2,1,1,0,3,1
15.960000038147000,0,2,1,1,0,3,1
14.65999984741210,0,2,1,1,0,3,1
14.420000076293900,0,2,1,1,0,3,1
14.930000305175800,0,2,1,1,0,3,1
14.149999618530300,0,2,0,1,0,2,1
14.630000114440900,0,2,0,1,0,2,1
10.84000015258790,0,2,0,1,0,2,1
10.760000228881800,0,2,0,1,0,2,1
10.850000381469700,0,2,0,1,0,2,1
10.359999656677200,0,2,0,1,0,2,1
10.819999694824200,0,2,0,1,0,2,1
10.109999656677200,0,1,0,1,0,1,1
10.59000015258790,0,1,0,1,0,1,1
10.680000305175800,0,1,0,1,0,1,1
10.460000038147000,0,1,0,1,0,1,1
10.569999694824200,0,1,0,1,0,1,1
9.770000457763670,0,1,0,1,0,1,1
9.960000038146970,0,1,0,1,0,1,1
10.210000038147000,0,1,0,1,0,1,1
10.600000381469700,0,1,0,1,0,1,1
10.399999618530300,0,1,0,1,0,1,1
10.420000076293900,0,1,0,1,0,1,1
10.649999618530300,0,1,0,1,0,1,1
15.59000015258790,0,1,0,1,0,1,1
14.65999984741210,0,1,0,1,0,1,1
12.039999961853000,0,1,0,1,0,1,1
10.930000305175800,0,1,0,1,0,1,1
10.720000267028800,0,1,0,1,0,1,1
10.020000457763700,0,1,0,1,0,1,1
9.989999771118160,0,1,0,1,1,1,2
9.8100004196167,0,1,0,1,1,1,2
10.380000114440900,0,1,0,1,1,1,2
10.40999984741210,0,1,0,1,1,1,2
9.890000343322750,0,1,0,1,1,1,2
9.75,0,1,0,1,1,1,2
10.069999694824200,0,1,0,1,1,1,2
10.449999809265100,0,1,0,1,1,1,2
10.390000343322800,0,1,0,1,1,1,2
10.15999984741210,0,1,0,1,1,1,2
10.699999809265100,0,1,0,1,1,1,2
11.460000038147000,0,1,0,1,1,1,2
10.420000076293900,0,1,0,1,1,1,2
10.640000343322800,0,1,0,1,1,1,2
10.899999618530300,0,1,0,1,1,1,2
10.380000114440900,0,1,0,1,1,1,2
10.369999885559100,0,1,0,1,1,1,2
10.859999656677200,0,1,0,1,1,1,2
10.75,0,1,0,1,1,1,2
10.479999542236300,0,1,0,1,1,1,2
10.020000457763700,0,1,0,1,1,1,2
9.899999618530270,0,1,0,1,1,1,2
11.0600004196167,0,1,0,1,1,1,2
10.029999732971200,0,1,0,1,1,1,2
11.4399995803833,0,1,0,1,1,1,2
11.180000305175800,0,1,0,1,1,1,2
11.220000267028800,0,1,0,1,1,1,2
11.069999694824200,0,1,0,1,1,1,2
12.539999961853000,0,1,0,1,1,1,2
11.1899995803833,0,1,0,1,1,1,2
11.109999656677200,0,1,0,1,1,1,2
10.890000343322800,0,1,0,1,1,1,2
10.300000190734900,0,1,0,1,1,1,2
9.899999618530270,0,1,0,1,1,1,2
9.510000228881840,0,1,0,1,1,1,2
9.819999694824220,0,1,0,0,1,1,1
9.890000343322750,0,1,0,0,1,1,1
9.789999961853030,0,1,0,0,1,1,1
9.579999923706060,0,1,0,0,1,1,1
9.359999656677250,0,1,0,0,1,1,1
9.430000305175780,0,1,0,0,1,1,1
9.430000305175780,0,1,0,0,1,1,1
9.600000381469730,0,1,0,0,1,1,1
10.109999656677200,0,1,0,0,1,1,1
10.289999961853000,0,1,0,0,1,1,1
10.260000228881800,0,1,0,0,2,1,2
10.09000015258790,0,1,0,0,2,1,2
10.279999732971200,0,1,0,0,2,1,2
10.4399995803833,0,1,0,0,2,1,2
10.029999732971200,0,1,0,0,2,1,2
9.930000305175780,0,1,0,0,2,1,2
10.960000038147000,0,1,0,0,2,1,2
11.109999656677200,0,1,0,0,2,1,2
16.040000915527300,0,1,0,0,2,1,2
15.510000228881800,0,1,0,0,2,1,2
12.329999923706100,0,1,0,0,2,1,2
12.039999961853000,0,1,0,0,2,1,2
11.739999771118200,0,1,0,0,2,1,2
15.550000190734900,0,1,0,0,2,1,2
14.260000228881800,0,1,0,0,2,1,2
13.1899995803833,0,1,0,0,2,1,2
11.350000381469700,0,1,0,0,2,1,2
12.25,0,1,1,0,2,2,2
12.229999542236300,0,1,1,0,2,2,2
11.279999732971200,0,1,1,0,2,2,2
11.319999694824200,0,1,1,0,2,2,2
11.699999809265100,0,1,1,0,2,2,2
11.220000267028800,0,1,1,0,2,2,2
10.59000015258790,0,1,1,0,2,2,2
10.130000114440900,0,1,1,0,2,2,2
12.229999542236300,0,1,1,0,2,2,2
11.630000114440900,0,0,1,0,2,1,2
11.550000190734900,0,0,1,0,2,1,2
12.119999885559100,0,0,1,0,2,1,2
10.729999542236300,0,0,1,0,2,1,2
10.579999923706100,0,0,1,0,2,1,2
10.5,0,0,1,0,2,1,2
10.4399995803833,0,0,1,0,2,1,2
10.170000076293900,0,0,1,0,2,1,2
10.149999618530300,0,0,1,0,2,1,2
10.180000305175800,0,0,1,1,2,1,3
9.779999732971190,0,0,1,1,2,1,3
9.670000076293950,0,0,1,1,2,1,3
9.59000015258789,0,0,1,1,2,1,3
10.210000038147000,0,0,1,1,2,1,3
10.170000076293900,0,0,1,1,1,1,2
9.869999885559080,0,0,1,1,1,1,2
9.550000190734860,0,0,1,1,1,1,2
9.510000228881840,0,0,1,1,1,1,2
9.449999809265140,0,0,1,1,1,1,2
9.510000228881840,0,0,1,1,1,1,2
9.630000114440920,0,0,1,1,1,1,2
9.1899995803833,0,0,1,1,1,1,2
9.649999618530270,0,0,1,1,1,1,2
10.329999923706100,0,0,1,1,1,1,2
10.079999923706100,0,0,1,1,1,1,2
9.850000381469730,0,0,1,1,1,1,2
9.90999984741211,0,0,1,1,1,1,2
9.609999656677250,0,0,1,1,0,1,1
9.90999984741211,0,0,1,1,0,1,1
10.3100004196167,0,0,1,1,0,1,1
10.069999694824200,0,0,1,1,0,1,1
10.050000190734900,0,0,1,1,0,1,1
9.970000267028810,0,0,1,1,0,1,1
11.069999694824200,0,0,1,1,0,1,1
11.15999984741210,0,0,1,1,0,1,1
11.229999542236300,0,0,1,1,0,1,1
11.300000190734900,0,0,1,1,0,1,1
9.800000190734860,0,0,1,1,0,1,1
10.5,0,0,0,1,0,0,1
10.180000305175800,0,0,0,1,0,0,1
10.199999809265100,0,0,0,1,0,0,1
9.930000305175780,0,0,0,1,0,0,1
9.140000343322750,0,0,0,1,0,0,1
9.399999618530270,0,0,0,2,0,0,2
9.890000343322750,0,0,0,2,0,0,2
9.779999732971190,0,0,0,2,0,0,2
10.5,0,0,0,2,0,0,2
11.289999961853000,0,0,0,2,0,0,2
11.5,0,0,0,2,0,0,2
11.59000015258790,0,0,0,2,0,0,2
13.130000114440900,0,0,0,2,0,0,2
11.760000228881800,0,0,0,2,0,0,2
11.430000305175800,0,0,0,2,0,0,2
10.649999618530300,0,0,0,2,0,0,2
9.729999542236330,0,0,0,2,0,0,2
9.880000114440920,0,0,0,2,0,0,2
9.670000076293950,0,0,0,2,0,0,2
9.869999885559080,0,0,0,2,0,0,2
10.029999732971200,0,0,0,2,0,0,2
10.699999809265100,0,0,0,2,0,0,2
11.279999732971200,0,0,0,2,0,0,2
11.430000305175800,0,0,0,2,0,0,2
11.680000305175800,0,0,0,2,0,0,2
11.329999923706100,0,0,0,2,0,0,2
11.020000457763700,0,0,0,2,0,0,2
10.15999984741210,0,0,0,2,0,0,2
9.579999923706060,0,0,0,2,0,0,2
9.34000015258789,0,0,0,2,1,0,3
9.920000076293950,0,0,0,2,1,0,3
10.180000305175800,0,0,0,2,1,0,3
10.489999771118200,0,0,0,2,1,0,3
9.420000076293950,0,0,0,2,1,0,3
9.529999732971190,0,0,0,2,1,0,3
10.029999732971200,0,0,0,2,1,0,3
9.720000267028810,0,0,0,2,1,0,3
9.619999885559080,0,0,0,2,1,0,3
9.899999618530270,0,0,0,2,1,0,3
10.25,0,1,0,1,1,1,2
10.470000267028800,0,1,0,1,1,1,2
10.180000305175800,0,1,0,1,1,1,2
11.039999961853000,0,1,0,1,1,1,2
9.770000457763670,0,1,0,1,1,1,2
9.149999618530270,0,1,0,1,1,1,2
9.220000267028810,0,1,0,1,1,1,2
9.220000267028810,0,1,0,1,1,1,2
9.520000457763670,0,1,0,0,1,1,1
10.079999923706100,0,1,0,0,1,1,1
9.819999694824220,0,1,0,0,1,1,1
9.880000114440920,0,1,0,0,1,1,1
10.15999984741210,0,1,0,0,1,1,1
11.65999984741210,0,1,0,0,1,1,1
11.90999984741210,0,1,0,0,1,1,1
12.220000267028800,0,1,0,0,1,1,1
11.270000457763700,0,1,0,0,1,1,1
11.029999732971200,0,1,0,0,1,1,1
11.100000381469700,0,1,0,0,1,1,1
11.470000267028800,0,1,0,0,1,1,1
11.579999923706100,0,1,0,0,1,1,1
11.079999923706100,0,1,0,0,1,1,1
13.84000015258790,0,1,0,0,1,1,1
14.789999961853000,0,1,0,0,1,1,1
13.539999961853000,0,1,0,0,1,1,1
13.470000267028800,0,1,0,0,1,1,1
17.309999465942400,0,1,0,0,1,1,1
37.31999969482420,0,1,0,0,1,1,1
29.979999542236300,0,1,0,0,1,1,1
27.729999542236300,0,1,0,0,1,1,1
33.459999084472700,0,1,0,0,1,1,1
29.059999465942400,0,1,0,0,1,1,1
25.610000610351600,0,1,0,0,1,1,1
24.969999313354500,0,1,0,0,1,1,1
19.260000228881800,0,1,0,0,1,1,1
19.1299991607666,0,1,0,0,1,1,1
19.459999084472700,0,1,0,0,1,1,1
20.600000381469700,0,1,0,0,1,1,1
20.020000457763700,0,1,0,0,1,1,1
18.719999313354500,0,1,0,0,1,1,1
16.489999771118200,0,1,0,0,1,1,1
15.800000190734900,0,1,0,0,1,1,1
18.59000015258790,0,1,0,0,1,1,1
19.850000381469700,0,1,0,0,1,1,1
22.469999313354500,0,1,0,0,1,1,1
19.59000015258790,0,1,0,0,1,1,1
18.729999542236300,0,1,0,0,1,1,1
18.360000610351600,0,1,0,0,1,1,1
17.760000228881800,0,1,0,0,1,1,1
16.540000915527300,0,1,0,0,1,1,1
14.640000343322800,0,1,0,0,1,1,1
15.779999732971200,0,1,0,0,1,1,1
16.350000381469700,0,1,0,0,1,1,1
17.229999542236300,0,1,0,0,1,1,1
16.59000015258790,0,1,0,0,1,1,1
15.800000190734900,0,1,0,0,1,1,1
19.020000457763700,0,1,0,0,1,1,1
18.200000762939500,0,1,0,0,1,1,1
17.860000610351600,0,1,0,0,1,1,1
23.34000015258790,0,1,0,0,1,1,1
24.8700008392334,0,1,0,0,1,1,1
21.030000686645500,0,0,0,0,1,0,1
22.5,0,0,0,0,1,0,1
22.8700008392334,0,0,0,0,1,0,1
19.969999313354500,0,0,0,0,1,0,1
23.6200008392334,0,0,0,0,1,0,1
21.100000381469700,0,0,0,0,1,0,1
20.059999465942400,0,0,0,0,1,0,1
18.940000534057600,0,0,0,0,1,0,1
21.489999771118200,0,0,0,0,1,0,1
21.770000457763700,0,0,0,0,1,0,1
20.469999313354500,0,0,0,0,1,0,1
20.239999771118200,0,0,0,0,1,0,1
18.489999771118200,0,0,0,0,1,0,1
17.40999984741210,0,0,0,0,1,0,1
16.559999465942400,0,0,0,1,1,0,2
15.25,0,0,0,1,1,0,2
15.600000381469700,0,0,0,1,1,0,2
15.960000038147000,0,0,0,1,1,0,2
16.8799991607666,0,0,0,1,1,0,2
16.34000015258790,0,0,0,1,1,0,2
18.020000457763700,0,0,0,1,1,0,2
17.84000015258790,0,0,0,1,1,0,2
16.239999771118200,0,0,0,1,1,0,2
15.40999984741210,0,0,0,1,1,0,2
15.930000305175800,0,0,0,1,1,0,2
15.489999771118200,0,0,0,1,1,0,2
15.970000267028800,0,0,0,1,1,0,2
15.899999618530300,0,0,0,1,1,0,2
14.770000457763700,0,0,0,1,1,0,2
14.75,0,0,0,1,1,0,2
14.710000038147000,0,0,0,1,1,0,2
13.420000076293900,0,0,0,1,1,0,2
13.229999542236300,0,0,0,1,1,0,2
12.649999618530300,0,0,0,1,1,0,2
12.930000305175800,0,0,0,1,1,0,2
14.630000114440900,0,0,0,1,2,0,3
13.420000076293900,0,0,0,1,2,0,3
13.430000305175800,0,0,0,1,2,0,3
13.420000076293900,0,0,0,1,2,0,3
13.079999923706100,0,0,0,1,2,0,3
13.220000267028800,0,0,0,1,2,0,3
12.579999923706100,0,0,0,1,2,0,3
12.529999732971200,0,0,0,1,2,0,3
13.220000267028800,0,0,0,1,2,0,3
17.020000457763700,0,0,0,1,1,0,2
14.9399995803833,0,0,0,1,1,0,2
15.430000305175800,0,0,0,1,1,0,2
13.460000038147000,0,0,0,1,1,0,2
12.739999771118200,0,0,0,1,1,0,2
12.399999618530300,0,0,0,1,1,0,2
11.640000343322800,0,0,0,1,1,0,2
12.130000114440900,0,0,0,1,1,0,2
12.180000305175800,0,0,0,1,1,0,2
12.350000381469700,0,0,0,2,1,0,3
12.34000015258790,0,0,0,2,1,0,3
12.9399995803833,0,0,0,2,1,0,3
12.119999885559100,0,0,0,2,1,0,3
11.979999542236300,0,0,0,2,1,0,3
12.3100004196167,0,0,0,2,1,0,3
13.350000381469700,0,0,0,2,1,0,3
12.789999961853000,0,0,0,2,1,0,3
14.640000343322800,0,0,0,2,1,0,3
13.770000457763700,0,0,0,2,1,0,3
17.329999923706100,0,0,0,2,1,0,3
15.920000076293900,0,0,0,2,1,0,3
17.90999984741210,0,0,0,2,1,0,3
16.850000381469700,0,0,0,2,1,0,3
16.09000015258790,0,0,0,2,1,0,3
15.600000381469700,0,0,0,2,1,0,3
16.139999389648400,0,0,0,2,1,0,3
14.970000267028800,0,0,0,2,1,0,3
13.369999885559100,0,0,0,2,1,0,3
12.6899995803833,0,0,0,2,1,0,3
12.640000343322800,0,0,0,2,1,0,3
13.630000114440900,0,0,0,2,1,0,3
12.579999923706100,0,0,0,2,1,0,3
12.180000305175800,0,0,0,2,1,0,3
12.829999923706100,0,0,0,2,1,0,3
12.0600004196167,0,0,0,2,1,0,3
12.100000381469700,0,0,0,2,1,0,3
12.869999885559100,0,0,0,2,1,0,3
12.859999656677200,0,0,0,2,1,0,3
12.619999885559100,0,0,0,2,1,0,3
12.40999984741210,0,0,0,2,1,0,3
12.289999961853000,0,0,0,2,1,0,3
12.140000343322800,0,0,0,2,1,0,3
13.029999732971200,0,0,0,2,1,0,3
14.260000228881800,0,0,0,2,1,0,3
12.829999923706100,0,0,0,2,1,0,3
13.149999618530300,0,0,0,2,1,0,3
12.1899995803833,0,0,0,2,1,0,3
11.640000343322800,0,0,0,2,1,0,3
11.270000457763700,0,0,0,2,1,0,3
10.930000305175800,0,0,0,2,2,0,4
10.850000381469700,0,0,0,2,2,0,4
11.270000457763700,0,0,0,2,2,0,4
13.15999984741210,0,0,0,2,2,0,4
14.779999732971200,0,0,0,2,2,0,4
13.3100004196167,0,0,0,2,2,0,4
14.640000343322800,0,0,0,2,2,0,4
13.449999809265100,0,0,0,2,2,0,4
12.640000343322800,0,0,0,2,2,0,4
12.489999771118200,0,0,0,2,2,0,4
12.859999656677200,0,0,0,2,2,0,4
12.25,0,0,0,2,2,0,4
12.40999984741210,0,0,0,2,2,0,4
11.989999771118200,0,0,0,2,2,0,4
12.15999984741210,0,0,0,2,2,0,4
12.5,0,0,0,2,2,0,4
12.25,0,0,0,2,2,0,4
13.529999732971200,0,0,0,2,2,0,4
12.859999656677200,0,0,0,2,2,0,4
13.15999984741210,0,0,0,2,2,0,4
13.90999984741210,0,0,0,2,2,0,4
14.649999618530300,0,0,0,2,2,0,4
14.880000114440900,0,0,0,2,2,0,4
14.15999984741210,0,0,0,2,2,0,4
13.220000267028800,0,0,0,2,2,0,4
13.140000343322800,0,0,0,2,2,0,4
12.369999885559100,0,0,0,2,2,0,4
12.069999694824200,0,0,0,2,2,0,4
13.680000305175800,0,0,0,2,2,0,4
12.789999961853000,0,0,0,2,2,0,4
11.75,0,0,0,2,2,0,4
11.800000190734900,0,0,0,2,2,0,4
11.680000305175800,0,0,0,2,2,0,4
12.199999809265100,0,0,0,1,2,0,3
12.420000076293900,0,0,0,1,2,0,3
12.890000343322800,0,0,0,1,2,0,3
12.40999984741210,0,0,0,1,2,0,3
12.119999885559100,0,0,0,1,2,0,3
12.0,0,0,0,1,2,0,3
12.050000190734900,0,0,0,1,2,0,3
11.609999656677200,0,0,0,1,2,0,3
14.220000267028800,0,0,0,1,2,0,3
14.819999694824200,0,0,0,1,2,0,3
15.6899995803833,0,0,0,1,2,0,3
15.949999809265100,0,0,0,1,2,0,3
22.959999084472700,0,0,0,1,1,0,2
24.979999542236300,0,0,0,1,1,0,2
21.309999465942400,0,0,0,1,1,0,2
21.299999237060500,0,0,0,1,1,0,2
17.6200008392334,0,0,0,1,1,0,2
17.399999618530300,0,0,0,1,1,0,2
20.059999465942400,0,0,0,1,1,0,2
19.889999389648400,0,0,0,1,1,0,2
19.639999389648400,0,0,0,1,1,0,2
20.709999084472700,0,0,0,1,1,0,2
25.229999542236300,0,0,0,1,1,0,2
24.219999313354500,0,0,0,1,1,0,2
24.15999984741210,0,0,0,1,1,0,2
24.700000762939500,0,0,0,1,0,0,1
23.350000381469700,0,0,0,1,0,0,1
21.229999542236300,0,0,0,1,0,0,1
19.34000015258790,0,0,0,1,0,0,1
19.510000228881800,0,0,0,1,0,0,1
19.959999084472700,0,0,0,1,0,0,1
19.90999984741210,0,0,0,1,0,0,1
16.360000610351600,0,0,0,1,0,0,1
16.719999313354500,0,0,0,1,0,0,1
17.360000610351600,0,0,0,1,0,0,1
20.450000762939500,0,0,0,0,0,0,0
20.020000457763700,0,0,0,0,0,0,0
21.25,0,0,0,0,0,0,0
19.979999542236300,0,0,0,0,0,0,0
18.139999389648400,0,0,0,0,0,0,0
20.100000381469700,0,0,0,0,0,0,0
22.479999542236300,0,0,0,0,0,0,0
20.799999237060500,0,0,0,0,0,0,0
21.520000457763700,0,0,0,0,0,0,0
18.899999618530300,0,0,0,0,0,0,0
19.020000457763700,0,0,0,0,0,0,0
18.489999771118200,0,0,0,0,0,0,0
18.790000915527300,0,0,0,0,0,0,0
18.06999969482420,0,0,0,0,0,0,0
16.440000534057600,0,0,0,0,0,0,0
20.739999771118200,0,0,0,0,0,0,0
21.190000534057600,0,0,0,0,0,0,0
23.229999542236300,0,0,0,0,0,0,0
22.639999389648400,0,0,0,0,1,0,1
21.760000228881800,0,0,0,0,1,0,1
21.459999084472700,0,0,0,0,1,0,1
20.649999618530300,0,0,0,0,1,0,1
21.6299991607666,0,1,0,0,1,1,1
24.520000457763700,0,1,0,0,1,1,1
25.579999923706100,0,1,0,0,1,1,1
25.579999923706100,0,1,0,0,1,1,1
28.3799991607666,0,1,0,0,1,1,1
30.110000610351600,0,1,0,0,1,1,1
36.06999969482420,0,1,0,0,1,1,1
30.40999984741210,0,1,0,0,1,1,1
29.959999084472700,0,1,0,0,1,1,1
28.34000015258790,0,1,0,0,1,1,1
25.420000076293900,0,1,0,0,1,1,1
23.219999313354500,0,1,0,0,1,1,1
25.450000762939500,0,1,0,0,1,1,1
21.3799991607666,0,1,0,0,1,1,1
21.399999618530300,0,1,0,0,1,1,1
20.469999313354500,0,1,0,0,1,1,1
19.979999542236300,0,1,0,0,1,1,1
19.5,0,1,0,0,1,1,1
18.190000534057600,0,1,0,0,1,1,1
19.06999969482420,0,1,0,0,1,1,1
18.600000381469700,1,1,0,0,1,2,1
19.040000915527300,1,1,0,0,1,2,1
18.059999465942400,1,1,0,0,1,2,1
17.799999237060500,1,1,0,0,1,2,1
20.799999237060500,1,1,0,0,1,2,1
19.520000457763700,1,1,0,0,1,2,1
18.889999389648400,1,1,0,0,1,2,1
17.420000076293900,1,1,0,0,1,2,1
18.8700008392334,1,1,0,0,1,2,1
19.1299991607666,1,1,0,0,1,2,1
17.65999984741210,1,1,0,0,1,2,1
16.56999969482420,1,1,0,0,1,2,1
16.139999389648400,1,1,0,0,1,2,1
15.729999542236300,1,1,0,0,1,2,1
15.569999694824200,1,1,0,0,1,2,1
15.380000114440900,1,1,0,0,1,2,1
16.3700008392334,1,1,0,0,1,2,1
15.720000267028800,1,1,0,0,1,2,1
15.970000267028800,1,1,0,0,1,2,1
15.430000305175800,1,1,0,0,1,2,1
15.649999618530300,1,1,0,0,1,2,1
16.219999313354500,1,1,0,0,1,2,1
14.90999984741210,1,1,0,0,1,2,1
14.880000114440900,1,1,0,0,1,2,1
14.020000457763700,1,1,0,0,1,2,1
14.460000038147000,1,1,0,0,1,2,1
13.510000228881800,1,1,0,0,1,2,1
14.850000381469700,1,1,0,0,1,2,1
15.170000076293900,1,1,0,0,1,2,1
14.699999809265100,1,1,0,0,1,2,1
14.779999732971200,1,1,0,0,1,2,1
13.569999694824200,1,1,0,0,1,2,1
14.630000114440900,1,0,0,0,1,1,1
14.739999771118200,1,0,0,0,1,1,1
15.739999771118200,1,0,0,0,1,1,1
16.59000015258790,1,0,0,0,1,1,1
16.049999237060500,1,0,0,0,1,1,1
14.329999923706100,1,0,0,0,1,1,1
13.770000457763700,1,0,0,0,1,1,1
13.40999984741210,1,0,0,0,1,1,1
13.5,1,0,0,0,1,1,1
12.880000114440900,1,0,0,0,1,1,1
13.100000381469700,1,0,0,0,1,1,1
13.5600004196167,1,0,0,0,1,1,1
13.90999984741210,1,0,0,0,1,1,1
13.630000114440900,1,0,0,0,1,1,1
16.479999542236300,1,0,0,0,1,1,1
16.329999923706100,1,0,0,0,1,1,1
14.680000305175800,1,0,0,0,1,1,1
15.149999618530300,1,0,0,0,1,1,1
14.430000305175800,1,0,0,0,1,1,1
13.710000038147000,1,0,0,0,1,1,1
13.399999618530300,1,0,0,0,1,1,1
13.359999656677200,1,0,0,0,1,1,1
13.739999771118200,1,0,0,0,1,1,1
13.579999923706100,1,0,0,0,1,1,1
12.819999694824200,1,0,0,0,1,1,1
13.180000305175800,1,0,0,0,1,1,1
14.279999732971200,1,0,0,0,1,1,1
13.300000190734900,1,0,0,0,1,1,1
13.020000457763700,1,0,0,0,1,1,1
12.010000228881800,1,0,0,0,1,1,1
12.319999694824200,1,0,0,0,1,1,1
12.180000305175800,1,0,0,0,1,1,1
12.600000381469700,1,0,0,0,1,1,1
12.09000015258790,1,0,0,0,1,1,1
12.420000076293900,1,0,0,0,1,1,1
12.279999732971200,1,0,0,0,1,1,1
13.140000343322800,1,0,0,0,1,1,1
13.25,1,0,0,0,1,1,1
12.729999542236300,1,0,0,0,1,1,1
13.109999656677200,1,1,0,0,1,2,1
13.119999885559100,1,1,0,0,1,2,1
14.800000190734900,1,1,0,0,1,2,1
14.420000076293900,1,1,0,0,1,2,1
12.869999885559100,1,1,0,0,1,2,1
15.4399995803833,1,1,0,0,2,2,2
19.31999969482420,1,1,0,0,2,2,2
19.399999618530300,1,1,0,0,2,2,2
19.100000381469700,1,1,0,0,2,2,2
16.040000915527300,1,1,0,0,2,2,2
20.549999237060500,1,1,0,0,2,2,2
18.059999465942400,1,1,0,0,2,2,2
16.440000534057600,1,1,0,0,2,2,2
15.289999961853000,1,1,0,0,2,2,2
15.960000038147000,1,1,0,0,2,2,2
16.309999465942400,1,1,0,0,2,2,2
14.949999809265100,1,1,0,0,2,2,2
14.75,1,1,0,0,2,2,2
16.920000076293900,1,1,0,0,2,2,2
15.850000381469700,1,1,0,0,2,2,2
17.5,1,1,0,0,2,2,2
17.899999618530300,1,1,0,0,2,2,2
17.299999237060500,1,1,0,0,2,2,2
18.709999084472700,1,1,0,0,2,2,2
18.860000610351600,1,1,0,0,2,2,2
16.969999313354500,1,1,0,0,2,2,2
16.09000015258790,1,1,0,0,2,2,2
15.930000305175800,1,1,0,0,2,2,2
16.299999237060500,1,1,0,0,2,2,2
15.9399995803833,1,1,0,0,2,2,2
15.989999771118200,1,1,0,0,2,2,2
15.90999984741210,1,1,0,0,2,2,2
15.819999694824200,1,1,0,0,2,2,2
15.279999732971200,1,1,0,0,2,2,2
15.350000381469700,1,1,0,0,2,2,2
15.149999618530300,1,1,0,0,2,2,2
14.329999923706100,1,1,0,0,2,2,2
14.75,1,1,0,0,2,2,2
15.399999618530300,1,1,0,0,2,2,2
15.260000228881800,1,1,0,0,2,2,2
16.280000686645500,1,1,0,0,2,2,2
16.209999084472700,1,1,0,0,2,2,2
15.819999694824200,1,1,0,0,2,2,2
15.079999923706100,1,1,0,0,2,2,2
14.0600004196167,1,1,0,0,2,2,2
12.930000305175800,1,1,0,0,2,2,2
12.569999694824200,1,1,0,0,2,2,2
13.279999732971200,1,1,0,0,2,2,2
13.960000038147000,1,1,0,0,2,2,2
14.09000015258790,1,1,0,0,2,2,2
13.029999732971200,1,1,0,0,2,2,2
12.930000305175800,1,1,0,0,2,2,2
12.390000343322800,1,1,0,0,2,2,2
12.680000305175800,1,1,0,0,2,2,2
12.859999656677200,1,1,0,0,2,2,2
13.970000267028800,1,1,0,0,2,2,2
13.529999732971200,1,1,0,0,2,2,2
14.449999809265100,1,1,0,0,2,2,2
13.529999732971200,1,1,0,0,2,2,2
12.609999656677200,1,1,0,0,2,2,2
12.069999694824200,1,1,0,0,2,2,2
12.739999771118200,1,1,0,0,2,2,2
12.15999984741210,1,1,0,0,2,2,2
12.829999923706100,1,1,0,0,2,2,2
13.9399995803833,1,1,0,0,2,2,2
16.1200008392334,1,1,0,0,2,2,2
17.8700008392334,1,1,0,0,2,2,2
17.610000610351600,1,1,0,0,2,2,2
24.59000015258790,1,1,0,0,2,2,2
20.170000076293900,1,1,0,0,2,2,2
19.489999771118200,1,1,0,0,2,2,2
16.90999984741210,1,1,0,0,2,2,2
17.969999313354500,1,1,0,0,2,2,2
21.09000015258790,1,1,0,0,2,2,2
17.520000457763700,1,1,0,0,2,2,2
22.100000381469700,1,1,0,0,2,2,2
21.18000030517580,1,1,0,0,2,2,2
18.469999313354500,1,1,0,0,2,2,2
16.8799991607666,1,1,0,0,2,2,2
17.5,1,1,0,0,2,2,2
15.800000190734900,1,1,0,0,2,2,2
16.68000030517580,1,1,0,0,2,2,2
19.8700008392334,1,1,0,0,2,2,2
19.31999969482420,1,1,0,0,2,2,2
20.309999465942400,1,1,0,0,2,2,2
19.350000381469700,1,1,0,0,2,2,2
17.8799991607666,1,1,0,0,2,2,2
18.979999542236300,1,1,0,0,2,2,2
19.65999984741210,1,1,0,0,2,2,2
17.329999923706100,1,1,0,0,2,2,2
16.270000457763700,1,1,0,0,2,2,2
15.0,1,1,0,0,2,2,2
15.270000457763700,1,1,0,0,2,2,2
15.199999809265100,1,1,0,0,2,2,2
14.609999656677200,1,1,0,0,2,2,2
14.220000267028800,1,1,0,0,2,2,2
13.739999771118200,1,1,0,0,2,2,2
14.670000076293900,1,1,0,0,2,2,2
14.4399995803833,1,1,0,0,2,2,2
13.949999809265100,1,1,0,0,2,2,2
14.050000190734900,1,1,0,0,2,2,2
15.319999694824200,1,1,0,0,2,2,2
14.90999984741210,1,1,0,0,2,2,2
17.049999237060500,1,1,0,0,2,2,2
15.960000038147000,1,1,0,0,2,2,2
16.06999969482420,1,1,0,0,2,2,2
17.219999313354500,1,1,0,0,2,2,2
16.239999771118200,1,1,0,0,2,2,2
18.559999465942400,1,1,0,0,2,2,2
20.559999465942400,1,1,0,0,2,2,2
19.1200008392334,1,1,0,0,2,2,2
17.040000915527300,1,1,0,0,2,2,2
17.860000610351600,1,1,0,0,2,2,2
20.280000686645500,1,1,0,0,2,2,2
18.639999389648400,1,1,0,0,2,2,2
17.56999969482420,1,1,0,0,2,2,2
15.579999923706100,1,1,0,0,2,2,2
14.569999694824200,1,1,0,0,2,2,2
13.539999961853000,1,1,0,0,2,2,2
13.680000305175800,1,1,0,0,2,2,2
13.789999961853000,1,1,0,0,2,2,2
14.25,1,1,0,0,2,2,2
14.0,1,1,0,0,2,2,2
14.460000038147000,1,1,0,0,2,2,2
14.010000228881800,1,1,0,0,2,2,2
13.710000038147000,1,1,0,0,2,2,2
12.649999618530300,1,1,0,0,2,2,2
13.109999656677200,1,0,0,0,2,1,2
13.199999809265100,1,0,0,0,2,1,2
12.329999923706100,1,0,0,0,2,1,2
13.220000267028800,1,0,0,0,2,1,2
12.300000190734900,1,0,0,0,2,1,2
12.829999923706100,1,0,0,0,2,1,2
13.100000381469700,1,0,0,0,2,1,2
12.619999885559100,1,0,0,0,2,1,2
12.729999542236300,1,0,0,0,2,1,2
12.069999694824200,1,0,0,0,2,1,2
12.6899995803833,1,0,0,0,1,1,1
12.680000305175800,1,0,0,0,1,1,1
13.0,1,0,0,0,1,1,1
13.050000190734900,1,0,0,0,1,1,1
12.050000190734900,1,0,0,0,1,1,1
12.460000038147000,1,0,0,0,1,1,1
12.859999656677200,1,0,0,0,1,1,1
12.779999732971200,1,0,0,0,1,1,1
13.130000114440900,1,0,0,0,1,1,1
12.34000015258790,1,0,0,1,1,1,2
11.869999885559100,1,0,0,1,1,1,2
11.539999961853000,1,0,0,1,1,1,2
11.75,1,0,0,1,1,1,2
12.619999885559100,1,0,0,1,1,1,2
14.90999984741210,1,0,0,1,1,1,2
15.960000038147000,1,0,0,1,1,1,2
14.800000190734900,1,0,0,1,1,1,2
14.520000457763700,1,0,0,1,1,1,2
13.619999885559100,1,0,0,1,1,1,2
15.859999656677200,1,0,0,1,1,1,2
15.680000305175800,1,0,0,1,1,1,2
14.989999771118200,1,0,0,1,1,1,2
13.9399995803833,1,0,0,1,1,1,2
12.630000114440900,1,0,0,1,1,1,2
12.140000343322800,1,0,0,1,1,1,2
12.289999961853000,1,0,0,1,1,1,2
12.579999923706100,1,0,0,1,1,1,2
12.5,1,0,0,1,1,1,2
12.510000228881800,1,0,0,1,1,1,2
12.609999656677200,1,0,0,1,1,1,2
12.670000076293900,1,0,0,1,1,1,2
12.649999618530300,1,0,0,1,1,1,2
13.430000305175800,1,0,0,1,1,1,2
14.819999694824200,1,0,0,1,1,1,2
13.779999732971200,1,0,0,1,0,1,1
12.470000267028800,1,0,0,1,0,1,1
14.020000457763700,1,0,0,1,0,1,1
13.850000381469700,1,0,0,1,0,1,1
13.789999961853000,1,0,0,1,0,1,1
13.449999809265100,1,0,0,1,0,1,1
12.539999961853000,1,0,0,1,0,1,1
12.5600004196167,1,0,0,0,0,1,0
12.319999694824200,1,0,0,0,0,1,0
12.390000343322800,1,0,0,0,0,1,0
12.420000076293900,1,0,0,0,0,1,0
12.319999694824200,1,0,0,0,0,1,0
12.100000381469700,1,0,0,0,0,1,0
12.850000381469700,1,0,0,0,0,1,0
12.90999984741210,1,0,0,0,0,1,0
12.979999542236300,1,0,0,0,0,1,0
14.5600004196167,1,0,0,0,1,1,1
18.229999542236300,1,0,0,0,1,1,1
16.280000686645500,1,0,0,0,1,1,1
16.389999389648400,1,0,0,0,1,1,1
15.489999771118200,1,0,0,0,1,1,1
18.84000015258790,1,0,0,0,1,1,1
17.969999313354500,1,0,0,0,1,1,1
16.049999237060500,1,0,0,0,1,1,1
15.149999618530300,1,0,0,0,1,1,1
14.960000038147000,1,0,0,0,1,1,1
15.470000267028800,1,0,0,0,1,1,1
15.039999961853000,1,0,0,0,1,1,1
15.180000305175800,2,0,0,0,1,2,1
13.739999771118200,2,0,0,0,1,2,1
14.149999618530300,2,0,0,0,1,2,1
13.680000305175800,2,0,0,0,1,2,1
14.829999923706100,2,0,0,0,1,2,1
14.380000114440900,2,0,0,0,1,2,1
15.5600004196167,2,0,0,0,1,2,1
17.079999923706100,2,0,0,0,1,2,1
25.030000686645500,2,1,0,0,1,3,1
27.850000381469700,2,1,0,0,1,3,1
27.559999465942400,2,1,0,0,1,3,1
39.15999984741210,2,1,0,0,1,3,1
40.11000061035160,2,1,0,0,1,3,1
33.41999816894530,2,1,0,0,1,3,1
36.81999969482420,2,1,0,0,1,3,1
31.989999771118200,2,1,0,0,1,3,1
39.619998931884800,2,1,0,0,1,3,1
41.939998626709000,2,1,0,0,1,3,1
54.459999084472700,3,1,0,0,1,4,1
47.29999923706060,3,1,0,0,1,4,1
53.900001525878900,3,1,0,0,1,4,1
75.47000122070310,3,1,0,0,1,4,1
57.83000183105470,3,1,0,0,1,4,1
82.69000244140630,3,1,0,0,1,4,1
75.91000366210940,3,1,0,0,1,4,1
76.44999694824220,3,1,0,0,1,4,1
72.0,3,1,0,0,1,4,1
66.04000091552730,3,1,0,0,1,4,1
61.59000015258790,3,1,0,0,1,4,1
61.66999816894530,3,1,0,0,1,4,1
63.95000076293950,3,1,0,0,1,4,1
61.0,3,1,0,0,1,4,1
65.54000091552730,3,1,0,0,1,4,1
57.08000183105470,3,1,0,0,1,4,1
53.540000915527300,3,1,0,0,0,4,0
57.060001373291000,3,1,0,0,0,4,0
50.90999984741210,3,1,0,0,0,4,0
46.79999923706060,3,1,0,0,0,4,0
45.2400016784668,3,1,0,0,0,4,0
46.70000076293950,3,1,0,0,0,4,0
43.349998474121100,3,1,0,0,0,4,0
41.66999816894530,3,1,0,0,0,4,0
41.16999816894530,3,1,0,0,0,4,0
37.7599983215332,3,1,0,0,0,4,0
40.84000015258790,3,1,0,0,0,4,0
40.11000061035160,3,1,0,0,0,4,0
38.150001525878900,3,1,0,0,0,4,0
43.83000183105470,3,1,0,0,0,4,0
45.40999984741210,3,1,0,0,0,4,0
41.97999954223630,3,1,0,0,0,4,0
41.380001068115200,3,1,0,0,1,4,1
35.93000030517580,3,1,0,0,1,4,1
33.290000915527300,3,1,0,0,1,4,1
33.56999969482420,3,1,0,0,1,4,1
31.229999542236300,3,1,0,0,1,4,1
34.150001525878900,3,1,0,0,1,4,1
37.189998626709000,3,1,0,0,1,4,1
35.970001220703100,3,1,0,0,1,4,1
33.61000061035160,3,1,0,0,1,4,1
34.119998931884800,3,1,0,0,1,4,1
31.440000534057600,3,1,0,0,1,4,1
27.979999542236300,3,1,0,0,1,4,1
27.56999969482420,3,1,0,0,1,4,1
33.040000915527300,3,1,0,0,1,4,1
35.279998779296900,3,1,0,0,1,4,1
32.61000061035160,3,1,0,0,1,4,1
31.889999389648400,3,1,0,0,1,4,1
29.299999237060500,3,1,0,0,1,4,1
30.530000686645500,3,0,0,0,1,3,1
27.989999771118200,3,0,0,0,1,3,1
29.530000686645500,3,0,0,0,1,3,1
28.15999984741210,3,0,0,0,1,3,1
28.010000228881800,3,0,0,0,1,3,1
27.6200008392334,3,0,0,0,1,3,1
28.59000015258790,3,0,0,0,1,3,1
27.510000228881800,3,0,0,0,1,3,1
28.229999542236300,3,0,0,0,1,3,1
26.84000015258790,3,0,0,0,1,3,1
25.65999984741210,3,0,0,0,1,3,1
25.809999465942400,3,0,0,0,1,3,1
24.520000457763700,3,0,0,0,1,3,1
25.809999465942400,3,0,0,0,1,3,1
27.56999969482420,3,0,0,0,1,3,1
27.56999969482420,3,0,0,0,1,3,1
40.790000915527300,3,0,0,0,1,3,1
36.09000015258790,3,0,0,0,1,3,1
34.400001525878900,3,0,0,0,2,3,2
33.66999816894530,3,0,0,0,2,3,2
33.470001220703100,3,0,0,0,2,3,2
32.939998626709000,3,0,0,0,2,3,2
35.119998931884800,3,0,0,0,2,3,2
31.770000457763700,3,0,0,0,2,3,2
31.3700008392334,3,0,0,0,2,3,2
33.84000015258790,3,0,0,0,2,3,2
32.220001220703100,3,0,0,0,2,3,2
34.72999954223630,3,0,0,0,2,3,2
31.780000686645500,3,0,0,0,2,3,2
30.43000030517580,3,0,0,0,2,3,2
28.6200008392334,3,0,0,0,2,3,2
27.68000030517580,3,0,0,0,2,3,2
27.940000534057600,3,0,0,0,2,3,2
29.43000030517580,3,0,0,0,2,3,2
28.079999923706100,3,0,0,0,2,3,2
29.260000228881800,3,0,0,0,2,3,2
27.290000915527300,3,0,0,0,2,3,2
32.189998626709000,3,0,0,0,2,3,2
29.520000457763700,3,0,0,0,2,3,2
27.760000228881800,3,0,0,0,2,3,2
28.0,3,0,0,0,2,3,2
25.68000030517580,3,0,0,0,2,3,2
24.459999084472700,3,0,0,0,2,3,2
24.84000015258790,3,0,0,0,2,3,2
24.31999969482420,3,0,0,0,2,3,2
26.079999923706100,3,0,0,0,2,3,2
25.84000015258790,3,0,0,0,2,3,2
24.739999771118200,3,0,0,0,2,3,2
25.440000534057600,3,0,0,0,2,3,2
24.100000381469700,3,0,0,0,2,3,2
24.760000228881800,3,0,0,0,2,3,2
24.459999084472700,3,0,0,0,2,3,2
24.280000686645500,3,0,0,0,2,3,2
23.760000228881800,3,0,0,0,2,3,2
22.989999771118200,3,0,0,0,2,3,2
22.649999618530300,3,0,0,0,2,3,2
22.209999084472700,3,0,0,0,2,3,2
22.1299991607666,2,0,0,0,2,2,2
24.030000686645500,2,0,0,0,2,2,2
22.280000686645500,2,0,0,0,2,2,2
22.1299991607666,2,0,0,0,2,2,2
22.049999237060500,2,0,0,0,2,2,2
21.350000381469700,2,0,0,0,2,2,2
21.510000228881800,2,0,0,0,2,2,2
22.540000915527300,2,0,0,0,2,2,2
22.719999313354500,2,0,0,0,2,2,2
22.540000915527300,2,0,0,0,2,2,2
22.3700008392334,2,0,0,0,2,2,2
22.030000686645500,2,0,0,0,2,2,2
23.270000457763700,2,0,0,0,2,2,2
24.469999313354500,2,0,0,0,2,2,2
22.959999084472700,2,0,0,0,2,2,2
26.40999984741210,2,0,0,0,2,2,2
26.1200008392334,2,0,0,0,2,2,2
26.56999969482420,2,0,0,0,2,2,2
33.599998474121100,2,0,0,0,2,2,2
30.75,2,0,0,0,2,2,2
31.459999084472700,2,0,0,0,2,2,2
28.809999465942400,2,0,0,0,2,2,2
29.709999084472700,2,0,0,0,2,2,2
26.8700008392334,2,0,0,0,2,2,2
25.850000381469700,2,0,0,0,2,2,2
25.59000015258790,2,0,0,0,2,2,2
26.040000915527300,2,0,0,0,2,2,2
26.459999084472700,2,0,0,0,2,2,2
25.829999923706100,3,0,0,0,2,3,2
27.780000686645500,3,0,0,0,2,3,2
26.860000610351600,3,0,0,0,2,3,2
28.579999923706100,3,0,0,0,2,3,2
28.510000228881800,3,0,0,0,2,3,2
26.3799991607666,3,0,0,0,2,3,2
26.190000534057600,3,0,0,0,2,3,2
26.270000457763700,3,0,0,0,2,3,2
26.3700008392334,3,0,0,0,2,3,2
26.700000762939500,3,0,0,0,2,3,2
27.6299991607666,3,0,0,0,2,3,2
27.959999084472700,3,0,0,0,2,3,2
29.479999542236300,3,0,0,0,2,3,2
28.059999465942400,3,0,0,0,2,3,2
26.360000610351600,3,0,0,0,2,3,2
25.0,3,0,0,0,2,3,2
25.06999969482420,3,0,0,0,2,3,2
26.06999969482420,3,0,0,0,2,3,2
26.399999618530300,3,0,0,0,2,3,2
26.969999313354500,3,0,0,0,2,3,2
27.40999984741210,3,0,0,0,2,3,2
29.18000030517580,3,0,0,0,2,3,2
29.350000381469700,3,0,0,0,2,3,2
28.649999618530300,3,0,0,0,2,3,2
28.110000610351600,3,0,0,0,2,3,2
27.549999237060500,3,0,0,0,2,3,2
32.459999084472700,3,0,0,0,2,3,2
33.349998474121100,3,0,0,0,2,3,2
40.279998779296900,3,0,0,0,2,3,2
37.59000015258790,3,0,0,0,2,3,2
38.02000045776370,3,0,0,0,2,3,2
37.130001068115200,3,0,0,0,2,3,2
35.54999923706060,3,0,0,0,2,3,2
29.56999969482420,3,0,0,0,2,3,2
27.579999923706100,3,0,0,0,2,3,2
24.860000610351600,3,0,0,0,2,3,2
25.75,3,0,0,0,2,3,2
24.799999237060500,3,0,0,0,2,3,2
23.450000762939500,3,0,0,0,2,3,2
25.350000381469700,3,0,0,0,2,3,2
23.100000381469700,3,0,0,0,2,3,2
22.450000762939500,3,0,0,0,1,3,1
22.709999084472700,3,0,0,0,1,3,1
23.84000015258790,3,0,0,0,1,3,1
23.110000610351600,3,0,0,0,1,3,1
23.700000762939500,3,0,0,0,1,3,1
22.65999984741210,3,0,0,0,1,3,1
21.639999389648400,3,0,0,0,1,3,1
21.25,3,0,0,0,1,3,1
20.84000015258790,3,0,0,0,0,3,0
20.56999969482420,3,0,0,0,0,3,0
20.770000457763700,3,0,0,0,0,3,0
21.170000076293900,3,0,0,0,0,3,0
21.280000686645500,3,0,0,0,0,3,0
20.790000915527300,3,0,0,0,0,3,0
21.299999237060500,3,0,0,0,0,3,0
20.68000030517580,3,0,0,0,0,3,0
22.270000457763700,3,0,0,0,0,3,0
22.520000457763700,3,0,0,0,0,3,0
23.309999465942400,3,0,0,0,0,3,0
24.719999313354500,3,0,0,0,0,3,0
22.889999389648400,3,0,0,0,0,3,0
22.5,3,0,0,0,0,3,0
21.93000030517580,3,0,0,0,0,3,0
21.56999969482420,3,0,0,0,0,3,0
25.15999984741210,3,0,0,0,0,3,0
24.229999542236300,3,0,0,0,0,3,0
23.309999465942400,3,0,0,0,0,3,0
21.530000686645500,3,1,0,0,0,4,0
21.700000762939500,3,2,0,0,0,5,0
23.079999923706100,2,2,0,0,0,4,0
22.770000457763700,2,2,0,0,0,4,0
22.75,2,2,0,0,0,4,0
26.969999313354500,2,2,0,0,0,4,0
25.34000015258790,2,2,0,0,0,4,0
25.06999969482420,2,2,0,0,0,4,0
22.3700008392334,2,2,0,0,0,4,0
21.559999465942400,1,2,0,0,0,3,0
24.079999923706100,1,2,0,0,0,3,0
23.329999923706100,1,2,0,0,0,3,0
22.209999084472700,1,2,0,0,0,3,0
23.25,1,2,0,0,0,3,0
24.34000015258790,1,2,0,0,0,3,0
23.239999771118200,1,2,0,0,0,3,0
21.579999923706100,1,2,0,0,0,3,0
21.31999969482420,1,2,0,0,0,3,0
21.90999984741210,1,2,0,0,0,3,0
23.190000534057600,1,2,0,0,0,3,0
23.020000457763700,1,2,0,0,0,3,0
37.209999084472700,1,2,0,0,0,3,0
30.209999084472700,1,2,0,0,0,3,0
33.09000015258790,1,2,0,0,0,3,0
30.239999771118200,1,2,0,0,0,3,0
25.559999465942400,1,2,0,0,0,3,0
22.90999984741210,1,2,0,0,0,3,0
21.770000457763700,1,2,0,0,0,3,0
20.8700008392334,1,2,0,0,0,3,0
21.239999771118200,1,2,0,0,0,3,0
21.6299991607666,1,2,0,0,0,3,0
21.989999771118200,1,2,0,0,0,3,0
21.25,1,2,0,0,0,3,0
19.969999313354500,1,2,0,0,0,3,0
21.459999084472700,1,1,0,0,0,2,0
21.5,1,1,0,0,0,2,0
22.489999771118200,1,1,0,0,0,2,0
22.049999237060500,1,1,0,0,0,2,0
23.450000762939500,1,1,0,0,0,2,0
23.110000610351600,1,1,0,0,0,2,0
21.34000015258790,1,1,0,0,0,2,0
28.889999389648400,1,1,0,0,0,2,0
27.950000762939500,1,1,0,0,0,2,0
23.350000381469700,0,1,0,0,0,1,0
24.100000381469700,0,1,0,0,0,1,0
26.670000076293900,0,1,0,0,0,1,0
28.56999969482420,0,1,0,0,0,1,0
24.65999984741210,0,1,0,0,0,1,0
25.469999313354500,0,1,0,0,0,1,0
24.030000686645500,0,1,0,0,0,1,0
22.559999465942400,0,1,0,0,0,1,0
21.90999984741210,0,1,0,0,0,1,0
20.690000534057600,0,1,0,0,0,1,0
20.030000686645500,0,1,0,0,0,1,0
19.790000915527300,0,1,0,0,0,1,0
19.229999542236300,0,1,0,0,0,1,0
21.579999923706100,0,1,0,0,0,1,0
20.950000762939500,0,1,0,0,0,1,0
18.8799991607666,0,1,0,0,0,1,0
20.299999237060500,0,1,0,0,0,1,0
21.200000762939500,0,1,0,0,0,1,0
19.809999465942400,0,1,0,0,0,1,0
18.860000610351600,0,1,0,0,0,1,0
20.739999771118200,0,1,0,0,0,1,0
19.610000610351600,0,1,0,0,0,1,0
19.399999618530300,0,1,0,0,0,1,0
17.329999923706100,0,1,0,0,0,1,0
17.90999984741210,0,1,0,0,0,1,0
18.1200008392334,0,1,0,0,0,1,0
17.15999984741210,0,1,0,0,0,1,0
16.950000762939500,0,1,0,0,0,1,0
16.690000534057600,0,1,0,0,0,1,0
16.90999984741210,0,1,0,0,1,1,1
16.649999618530300,0,1,0,0,1,1,1
16.989999771118200,0,1,0,0,1,1,1
16.56999969482420,0,1,0,0,1,1,1
16.25,0,1,0,0,1,1,1
17.290000915527300,0,1,0,0,1,1,1
18.68000030517580,0,1,0,0,1,1,1
17.5,0,1,0,0,1,1,1
18.709999084472700,0,1,0,0,1,1,1
17.329999923706100,0,1,0,0,1,1,1
17.639999389648400,0,1,0,0,1,1,1
17.559999465942400,0,1,0,0,1,1,1
17.280000686645500,0,1,0,0,1,1,1
17.610000610351600,0,1,0,0,1,1,1
18.610000610351600,0,1,0,0,1,1,1
18.309999465942400,0,1,0,0,1,1,1
19.479999542236300,0,1,0,0,1,1,1
19.149999618530300,0,1,0,0,1,1,1
18.389999389648400,0,1,0,0,1,1,1
16.690000534057600,0,1,0,0,1,1,1
19.65999984741210,0,1,0,0,1,1,1
21.84000015258790,0,1,0,0,1,1,1
27.59000015258790,0,1,0,0,1,1,1
23.1299991607666,0,1,0,0,1,1,1
18.809999465942400,0,1,0,0,1,1,1
19.719999313354500,0,1,0,0,1,1,1
21.34000015258790,0,1,0,0,1,1,1
22.18000030517580,0,1,0,0,1,1,1
20.670000076293900,0,1,0,0,1,1,1
20.149999618530300,0,1,0,0,1,1,1
18.399999618530300,0,1,0,0,1,1,1
18.84000015258790,0,1,0,0,1,1,1
17.360000610351600,0,1,0,0,1,1,1
16.739999771118200,0,1,0,0,1,1,1
16.760000228881800,0,1,0,0,1,1,1
17.899999618530300,0,1,0,0,1,1,1
17.479999542236300,0,1,0,0,1,1,1
18.040000915527300,0,1,0,0,1,1,1
16.420000076293900,0,1,0,0,1,1,1
16.420000076293900,0,1,0,0,1,1,1
17.06999969482420,0,1,0,0,1,1,1
17.889999389648400,0,1,0,0,1,1,1
16.100000381469700,0,1,0,0,1,1,1
15.649999618530300,0,1,0,0,1,1,1
16.389999389648400,0,1,0,0,1,1,1
17.020000457763700,0,1,0,0,1,1,1
18.149999618530300,0,1,0,0,1,1,1
17.75,0,1,0,0,1,1,1
20.700000762939500,0,1,0,0,1,1,1
17.889999389648400,0,1,0,0,1,1,1
16.65999984741210,0,1,0,0,1,1,1
16.31999969482420,0,1,0,0,1,1,1
15.970000267028800,0,1,0,0,1,1,1
15.619999885559100,0,1,0,0,1,1,1
15.760000228881800,0,1,0,0,1,1,1
16.020000457763700,0,1,0,0,1,1,1
15.829999923706100,0,1,0,0,1,1,1
15.479999542236300,0,1,0,0,1,1,1
15.069999694824200,0,1,0,0,1,1,1
16.440000534057600,0,1,0,0,1,1,1
16.200000762939500,0,1,0,0,1,1,1
19.0,0,1,0,0,1,1,1
16.18000030517580,0,1,0,0,1,1,1
16.170000076293900,0,1,0,0,1,1,1
17.1200008392334,0,1,0,0,1,1,1
16.329999923706100,0,1,0,0,1,1,1
17.010000228881800,0,1,0,0,1,1,1
18.450000762939500,0,1,0,0,1,1,1
22.5,0,1,0,0,1,1,1
19.729999542236300,0,1,0,0,1,1,1
17.90999984741210,0,1,0,0,1,1,1
17.690000534057600,0,1,0,0,1,1,1
17.200000762939500,0,1,0,0,1,1,1
17.579999923706100,0,1,0,0,1,1,1
19.360000610351600,0,1,0,0,1,1,1
18.309999465942400,0,1,0,0,1,1,1
17.700000762939500,0,1,0,0,1,1,1
18.239999771118200,0,1,0,0,1,1,1
19.459999084472700,0,1,0,0,1,1,1
18.040000915527300,0,1,0,0,1,1,1
17.969999313354500,0,1,0,0,1,1,1
17.280000686645500,0,1,0,0,1,1,1
16.149999618530300,0,1,0,0,1,1,1
16.719999313354500,0,1,0,0,1,1,1
16.790000915527300,0,1,0,0,1,1,1
16.170000076293900,0,1,0,0,1,1,1
15.59000015258790,0,1,0,0,1,1,1
15.449999809265100,0,1,0,0,1,1,1
16.1200008392334,0,1,0,0,1,1,1
17.90999984741210,0,1,0,0,1,1,1
21.56999969482420,0,1,0,0,1,1,1
21.670000076293900,0,1,0,0,1,1,1
18.559999465942400,0,1,0,0,1,1,1
17.149999618530300,0,0,0,0,1,0,1
17.219999313354500,0,0,0,0,1,0,1
16.790000915527300,0,0,0,0,1,0,1
18.84000015258790,0,0,0,0,1,0,1
16.389999389648400,0,0,0,0,1,0,1
16.190000534057600,0,0,0,0,1,0,1
16.479999542236300,0,0,0,0,1,0,1
16.110000610351600,0,0,0,0,1,0,1
16.40999984741210,0,0,0,0,1,0,1
16.40999984741210,0,0,0,0,1,0,1
18.139999389648400,0,0,0,0,1,0,1
17.959999084472700,0,0,0,0,1,0,1
18.799999237060500,0,0,0,0,1,0,1
20.950000762939500,0,0,0,0,1,0,1
19.3700008392334,0,0,0,0,1,0,1
19.459999084472700,0,0,0,0,1,0,1
18.18000030517580,0,0,0,0,1,0,1
18.690000534057600,0,0,0,0,1,0,1
20.809999465942400,0,0,0,0,1,0,1
25.709999084472700,0,0,0,0,1,0,1
24.360000610351600,0,0,0,0,1,0,1
20.8700008392334,0,0,0,0,1,0,1
18.6299991607666,0,0,0,0,1,0,1
17.75,0,0,0,0,1,0,1
18.760000228881800,0,0,0,0,1,0,1
23.25,0,0,0,0,1,0,1
22.559999465942400,0,0,0,0,1,0,1
23.139999389648400,0,0,0,0,1,0,1
21.100000381469700,0,0,0,0,1,0,1
22.959999084472700,0,0,0,0,1,0,1
21.299999237060500,0,0,0,0,1,0,1
21.0,0,0,0,0,1,0,1
19.540000915527300,0,0,0,0,1,0,1
18.770000457763700,0,0,0,0,1,0,1
20.0,0,0,0,0,1,0,1
19.850000381469700,0,0,0,0,1,0,1
18.639999389648400,0,0,0,0,1,0,1
16.860000610351600,0,0,0,0,1,0,1
16.299999237060500,0,0,0,0,1,0,1
16.309999465942400,0,0,0,0,1,0,1
15.699999809265100,0,0,0,0,1,0,1
15.489999771118200,0,0,0,0,1,0,1
15.010000228881800,0,0,0,0,1,0,1
15.430000305175800,0,0,0,0,1,0,1
15.239999771118200,0,0,0,0,1,0,1
15.979999542236300,0,0,0,0,1,0,1
16.979999542236300,0,0,0,0,1,0,1
16.530000686645500,0,1,0,0,1,1,1
16.260000228881800,0,1,0,0,1,1,1
16.40999984741210,0,1,0,0,1,1,1
16.030000686645500,0,1,0,0,1,1,1
15.100000381469700,0,1,0,0,1,1,1
15.4399995803833,0,1,0,0,1,1,1
16.479999542236300,0,1,0,0,1,1,1
17.219999313354500,0,1,0,0,1,1,1
17.780000686645500,0,1,0,0,1,1,1
18.729999542236300,0,1,0,0,1,1,1
17.65999984741210,0,1,0,0,1,1,1
16.290000915527300,0,1,0,0,1,1,1
16.489999771118200,0,1,0,0,1,1,1
16.3700008392334,0,1,0,0,1,1,1
17.110000610351600,0,1,0,0,1,1,1
17.59000015258790,0,1,0,0,1,1,1
17.90999984741210,0,1,0,0,1,1,1
19.170000076293900,0,1,0,0,1,1,1
19.3799991607666,0,1,0,0,1,1,1
18.579999923706100,0,1,0,0,1,1,1
28.6200008392334,0,1,0,0,1,1,1
22.959999084472700,0,1,0,0,1,1,1
27.190000534057600,0,1,0,0,1,1,1
31.1200008392334,0,1,0,0,1,1,1
27.950000762939500,0,1,0,0,1,1,1
30.670000076293900,0,1,0,0,1,1,1
27.18000030517580,0,1,0,0,1,1,1
21.889999389648400,0,1,0,0,1,1,1
19.899999618530300,0,1,0,0,1,1,1
21.579999923706100,0,1,0,0,1,1,1
18.690000534057600,0,1,0,0,1,1,1
20.309999465942400,0,1,0,0,1,1,1
21.889999389648400,0,1,0,0,1,1,1
19.290000915527300,0,1,0,0,1,1,1
20.56999969482420,0,1,0,0,1,1,1
21.56999969482420,0,1,0,0,0,1,0
22.8700008392334,0,1,0,0,0,1,0
21.010000228881800,0,1,0,0,0,1,0
18.6299991607666,0,1,0,0,0,1,0
17.959999084472700,0,1,0,0,0,1,0
17.68000030517580,0,1,0,0,0,1,0
17.540000915527300,0,1,0,0,0,1,0
16.950000762939500,0,1,0,0,0,1,0
17.329999923706100,0,1,0,0,0,1,0
17.219999313354500,0,1,0,0,0,1,0
16.600000381469700,0,1,0,0,0,1,0
16.90999984741210,0,1,0,0,0,1,0
19.729999542236300,0,1,0,0,0,1,0
19.610000610351600,0,1,0,0,0,1,0
18.760000228881800,0,1,0,0,0,1,0
19.399999618530300,0,1,0,0,0,1,0
18.40999984741210,0,1,0,0,0,1,0
17.6200008392334,0,1,0,0,0,1,0
20.309999465942400,0,1,0,0,0,1,0
19.190000534057600,0,1,0,0,0,1,0
22.790000915527300,0,1,0,0,0,1,0
23.850000381469700,0,1,0,0,0,1,0
25.59000015258790,0,1,0,0,0,1,0
28.850000381469700,0,1,0,0,0,1,0
29.899999618530300,0,1,0,0,0,1,0
31.15999984741210,0,1,0,0,0,1,0
31.959999084472700,0,1,0,0,1,1,1
30.489999771118200,0,1,0,0,1,1,1
27.65999984741210,0,1,0,0,1,1,1
24.829999923706100,0,1,0,0,1,1,1
21.959999084472700,0,1,0,0,1,1,1
22.09000015258790,0,1,0,0,1,1,1
24.350000381469700,0,1,0,0,1,1,1
23.219999313354500,0,1,0,0,1,1,1
22.860000610351600,0,1,0,0,1,1,1
21.440000534057600,0,1,0,0,1,1,1
19.959999084472700,0,1,0,0,1,1,1
23.90999984741210,0,1,0,0,1,1,1
27.360000610351600,0,1,0,0,1,1,1
28.329999923706100,0,1,0,0,1,1,1
25.700000762939500,0,0,0,0,1,0,1
24.290000915527300,0,0,0,0,1,0,1
28.110000610351600,0,0,0,0,1,0,1
27.75,0,0,0,0,1,0,1
28.809999465942400,0,0,0,0,1,0,1
31.020000457763700,0,0,0,0,1,0,1
30.31999969482420,0,0,0,0,1,0,1
27.59000015258790,0,0,0,0,1,0,1
30.149999618530300,0,0,0,0,1,0,1
33.31999969482420,0,0,0,0,1,0,1
30.739999771118200,0,0,0,0,1,0,1
30.479999542236300,0,0,0,0,1,0,1
31.979999542236300,1,0,0,0,1,1,1
36.45000076293950,1,0,0,0,1,1,1
35.130001068115200,1,0,0,0,1,1,1
32.45000076293950,1,0,0,0,1,1,1
30.229999542236300,1,0,0,0,1,1,1
30.75,1,0,0,0,1,1,1
31.770000457763700,1,0,0,0,0,1,0
29.829999923706100,1,0,0,0,0,1,0
26.670000076293900,1,0,0,0,0,1,0
25.670000076293900,1,0,0,0,0,1,0
23.8700008392334,1,0,0,0,0,1,0
23.530000686645500,1,0,0,0,0,1,0
22.940000534057600,1,0,0,0,0,1,0
23.56999969482420,1,0,0,0,0,1,0
21.670000076293900,1,0,0,0,1,1,1
20.809999465942400,1,0,0,0,1,1,1
19.6299991607666,1,0,0,0,1,1,1
18.899999618530300,1,0,0,0,1,1,1
19.329999923706100,1,0,0,0,1,1,1
20.559999465942400,1,0,0,0,1,1,1
19.6299991607666,1,0,0,0,1,1,1
18.56999969482420,1,0,0,0,1,1,1
21.030000686645500,1,0,0,0,1,1,1
22.100000381469700,1,0,0,0,1,1,1
21.549999237060500,1,0,0,0,1,1,1
21.15999984741210,1,0,0,0,1,1,1
24.3700008392334,1,0,0,0,2,1,2
24.260000228881800,1,0,0,0,2,1,2
21.81999969482420,1,0,0,0,2,1,2
22.700000762939500,1,0,0,0,2,1,2
22.170000076293900,1,0,0,0,2,1,2
21.3700008392334,1,0,0,0,2,1,2
20.31999969482420,1,0,0,0,2,1,2
22.68000030517580,1,0,0,0,2,1,2
28.209999084472700,1,0,0,0,2,1,2
27.020000457763700,1,0,0,0,2,1,2
33.52000045776370,1,0,0,0,2,1,2
31.600000381469700,1,0,0,0,2,1,2
29.989999771118200,1,0,0,0,2,1,2
33.400001525878900,1,0,0,0,2,1,2
32.34000015258790,1,0,0,0,2,1,2
29.25,1,0,0,0,2,1,2
25.420000076293900,1,0,0,0,2,1,2
31.200000762939500,1,0,0,0,2,1,2
30.190000534057600,1,0,0,0,2,1,2
34.75,1,0,0,0,2,1,2
32.9900016784668,1,0,0,0,2,1,2
32.560001373291000,1,0,0,0,2,1,2
31.770000457763700,1,0,0,0,2,1,2
28.8700008392334,1,0,0,0,2,1,2
27.469999313354500,1,0,0,0,2,1,2
26.100000381469700,1,0,0,0,2,1,2
30.959999084472700,1,0,0,0,2,1,2
29.350000381469700,1,0,0,0,2,1,2
29.43000030517580,1,0,0,0,2,1,2
28.479999542236300,1,0,0,0,2,1,2
29.450000762939500,1,0,0,0,2,1,2
28.3700008392334,1,0,0,0,2,1,2
27.5,1,0,0,0,2,1,2
25.719999313354500,1,0,0,0,2,1,2
26.190000534057600,0,0,0,0,1,0,1
25.690000534057600,0,0,0,0,1,0,1
24.719999313354500,0,0,0,0,1,0,1
24.790000915527300,0,0,0,0,1,0,1
25.06999969482420,0,0,0,0,1,0,1
24.020000457763700,0,0,0,0,1,0,1
23.959999084472700,0,0,0,0,1,0,1
26.09000015258790,0,0,0,0,1,0,1
27.75,0,0,0,0,1,0,1
34.02000045776370,0,0,0,0,1,0,1
32.689998626709000,0,0,0,0,1,0,1
29.6200008392334,0,0,0,0,1,0,1
32.95000076293950,0,0,0,0,1,0,1
31.1299991607666,0,0,0,0,1,0,1
30.190000534057600,0,0,0,0,1,0,1
28.950000762939500,0,0,0,0,1,0,1
29.049999237060500,0,0,0,0,1,0,1
27.229999542236300,0,0,0,0,1,0,1
26.950000762939500,0,0,0,0,1,0,1
28.360000610351600,0,0,0,0,1,0,1
28.15999984741210,0,0,0,0,1,0,1
28.709999084472700,0,0,0,0,1,0,1
26.700000762939500,0,0,0,0,1,0,1
27.540000915527300,0,0,0,0,1,0,1
26.729999542236300,0,0,0,0,1,0,1
26.079999923706100,0,0,0,0,1,0,1
24.639999389648400,0,0,0,0,1,0,1
26.170000076293900,0,0,0,0,1,0,1
27.290000915527300,0,1,0,0,1,1,1
26.81999969482420,0,1,0,0,1,1,1
26.399999618530300,0,1,0,0,1,1,1
24.229999542236300,0,1,0,0,1,1,1
25.299999237060500,0,1,0,0,1,1,1
24.5,0,1,0,0,1,1,1
23.8799991607666,0,1,0,0,1,1,1
23.110000610351600,0,1,0,0,1,1,1
23.030000686645500,0,1,0,0,1,1,1
23.360000610351600,0,1,0,0,1,1,1
24.690000534057600,0,1,0,0,1,1,1
23.239999771118200,0,1,0,0,1,1,1
22.329999923706100,0,1,0,0,1,1,1
21.329999923706100,0,1,0,0,1,1,1
22.84000015258790,0,1,0,0,1,1,1
23.93000030517580,0,1,0,0,1,1,1
21.950000762939500,0,1,0,0,1,1,1
21.440000534057600,0,1,0,0,1,1,1
21.149999618530300,0,1,0,0,1,1,1
21.290000915527300,0,1,0,0,1,1,1
21.770000457763700,0,1,0,0,1,1,1
19.739999771118200,0,1,0,0,1,1,1
20.200000762939500,0,1,0,0,1,1,1
19.530000686645500,0,1,0,0,1,1,1
19.950000762939500,0,1,0,0,1,1,1
19.690000534057600,0,1,0,0,1,1,1
19.899999618530300,0,1,0,0,1,1,1
19.559999465942400,0,1,0,0,1,1,1
20.600000381469700,0,1,0,0,1,1,1
23.799999237060500,0,1,0,0,1,1,1
24.110000610351600,0,1,0,0,1,1,1
22.81999969482420,0,1,0,0,1,1,1
21.780000686645500,0,1,0,0,1,1,1
25.559999465942400,0,1,0,0,1,1,1
26.209999084472700,0,1,0,0,1,1,1
26.209999084472700,0,1,0,0,1,1,1
25.8700008392334,0,1,0,0,1,1,1
25.559999465942400,0,1,0,0,1,1,1
25.469999313354500,0,1,0,0,1,1,1
26.90999984741210,0,1,0,0,1,1,1
24.639999389648400,0,1,0,0,1,1,1
23.610000610351600,0,1,0,0,1,1,1
22.790000915527300,0,1,0,0,1,1,1
23.8700008392334,0,1,0,0,1,1,1
27.270000457763700,0,1,0,0,1,1,1
26.15999984741210,0,1,0,0,1,1,1
26.270000457763700,0,1,0,0,1,1,1
26.299999237060500,0,1,0,0,1,1,1
25.760000228881800,0,1,0,0,1,1,1
27.15999984741210,0,1,0,0,1,1,1
27.989999771118200,0,1,0,0,1,1,1
27.350000381469700,0,1,0,0,1,1,1
29.920000076293900,0,1,0,0,1,1,1
32.2599983215332,0,1,0,0,1,1,1
32.599998474121100,0,1,0,0,1,1,1
30.18000030517580,0,1,0,0,1,1,1
31.84000015258790,0,1,0,0,1,1,1
31.6200008392334,0,1,0,0,1,1,1
30.100000381469700,0,1,0,0,1,1,1
29.06999969482420,0,1,0,0,1,1,1
28.549999237060500,0,1,0,0,1,1,1
30.520000457763700,0,1,0,0,1,1,1
31.360000610351600,0,1,0,0,1,1,1
32.45000076293950,0,1,0,0,1,1,1
33.630001068115200,0,1,0,0,1,1,1
33.56999969482420,0,1,0,0,1,1,1
31.940000534057600,0,1,0,0,1,1,1
32.02000045776370,0,1,0,0,1,1,1
31.3700008392334,1,1,0,0,2,2,2
30.5,1,1,0,0,2,2,2
30.760000228881800,1,1,0,0,2,2,2
29.979999542236300,1,1,0,0,2,2,2
29.690000534057600,1,1,0,0,2,2,2
29.850000381469700,1,1,0,0,2,2,2
28.459999084472700,1,1,0,0,2,2,2
27.280000686645500,1,1,0,0,2,2,2
27.389999389648400,1,1,0,0,2,2,2
25.75,1,1,0,0,2,2,2
25.8799991607666,1,1,0,0,2,2,2
25.809999465942400,1,1,0,0,2,2,2
25.860000610351600,1,1,0,0,2,2,2
25.299999237060500,1,1,0,0,2,2,2
24.549999237060500,1,1,0,0,2,2,2
24.350000381469700,1,1,0,0,2,2,2
25.540000915527300,1,1,0,0,2,2,2
26.09000015258790,1,1,0,0,2,2,2
23.530000686645500,1,1,0,0,2,2,2
22.520000457763700,1,1,0,0,2,2,2
23.729999542236300,1,1,0,0,2,2,2
24.540000915527300,1,1,0,0,2,2,2
24.110000610351600,1,1,0,0,2,2,2
23.93000030517580,1,1,0,0,2,2,2
23.1200008392334,1,1,0,0,2,2,2
22.360000610351600,1,1,0,0,2,2,2
21.290000915527300,1,1,0,0,2,2,2
20.350000381469700,1,1,0,0,2,2,2
20.5,1,1,0,0,2,2,2
22.209999084472700,1,1,0,0,2,2,2
21.889999389648400,1,1,0,0,2,2,2
20.579999923706100,1,1,0,0,2,2,2
19.84000015258790,1,1,0,0,2,2,2
19.059999465942400,1,1,0,0,2,2,2
20.75,1,1,0,0,2,2,2
22.170000076293900,1,1,0,0,2,2,2
22.68000030517580,1,1,0,0,2,2,2
22.290000915527300,1,1,0,0,2,2,2
22.829999923706100,1,1,0,0,2,2,2
25.0,1,1,0,0,2,2,2
22.549999237060500,1,1,0,0,2,2,2
21.139999389648400,1,1,0,0,2,2,2
22.829999923706100,1,1,0,0,2,2,2
22.6200008392334,1,1,0,0,2,2,2
22.420000076293900,1,1,0,0,2,2,2
21.479999542236300,1,1,0,0,2,2,2
20.06999969482420,1,0,0,0,2,1,2
21.969999313354500,1,0,0,0,2,1,2
20.8700008392334,1,0,0,0,2,1,2
21.649999618530300,1,0,0,0,2,1,2
22.139999389648400,1,0,0,0,2,1,2
21.440000534057600,0,0,0,0,2,0,2
21.670000076293900,0,0,0,0,2,0,2
22.899999618530300,0,0,0,0,2,0,2
22.010000228881800,0,0,0,0,2,0,2
22.459999084472700,0,0,0,0,2,0,2
21.1299991607666,0,0,0,0,2,0,2
21.969999313354500,0,0,0,0,2,0,2
20.579999923706100,0,0,0,0,2,0,2
21.09000015258790,0,0,0,0,2,0,2
18.829999923706100,0,0,0,0,2,0,2
18.350000381469700,0,0,0,0,2,0,2
19.360000610351600,0,0,0,0,1,0,1
20.34000015258790,0,0,0,0,1,0,1
20.520000457763700,0,0,0,0,0,0,0
19.850000381469700,0,0,0,0,0,0,0
19.809999465942400,0,0,0,0,0,0,0
19.200000762939500,0,0,0,0,0,0,0
19.079999923706100,0,0,0,0,0,0,0
18.729999542236300,0,0,0,0,0,0,0
18.510000228881800,0,0,0,0,0,0,0
19.940000534057600,0,0,0,0,0,0,0
19.399999618530300,0,0,0,0,0,0,0
17.8700008392334,0,0,0,0,0,0,0
18.729999542236300,0,0,0,0,0,0,0
18.329999923706100,0,0,0,0,0,0,0
19.43000030517580,0,0,0,0,0,0,0
18.65999984741210,0,0,0,0,0,0,0
19.6299991607666,0,0,0,0,0,0,0
20.709999084472700,0,0,0,0,0,0,0
20.530000686645500,0,0,0,0,0,0,0
20.34000015258790,0,0,0,0,0,0,0
18.90999984741210,0,0,0,0,0,0,0
18.229999542236300,0,0,0,0,0,0,0
20.170000076293900,0,0,0,0,0,0,0
20.020000457763700,0,0,0,0,0,0,0
22.8700008392334,0,0,0,0,0,0,0
22.290000915527300,0,0,0,0,0,0,0
21.139999389648400,0,0,0,0,1,0,1
21.670000076293900,0,0,0,0,1,0,1
20.950000762939500,0,0,0,0,1,0,1
20.700000762939500,0,0,0,0,1,0,1
20.579999923706100,0,0,0,0,1,0,1
19.59000015258790,0,0,0,0,1,0,1
18.489999771118200,0,0,0,0,1,0,1
18.610000610351600,0,0,0,0,1,0,1
19.59000015258790,0,0,0,0,1,0,1
19.110000610351600,0,0,0,0,1,0,1
22.610000610351600,0,0,0,0,1,0,1
24.799999237060500,0,0,0,0,1,0,1
26.520000457763700,0,0,0,0,1,0,1
23.729999542236300,0,0,0,0,1,0,1
26.139999389648400,0,0,0,0,1,0,1
22.989999771118200,0,0,0,0,1,0,1
25.510000228881800,0,0,0,0,1,0,1
24.149999618530300,0,0,0,0,1,0,1
21.3799991607666,0,0,0,0,1,0,1
22.260000228881800,0,0,0,0,1,0,1
22.610000610351600,0,0,0,0,1,0,1
21.739999771118200,0,0,0,0,1,0,1
20.600000381469700,0,0,0,0,1,0,1
19.969999313354500,0,0,0,0,1,0,1
19.1200008392334,0,0,0,0,1,0,1
19.020000457763700,0,0,0,0,1,0,1
18.700000762939500,0,0,0,0,1,0,1
18.549999237060500,0,0,0,0,1,0,1
19.0,0,0,0,0,1,0,1
19.079999923706100,0,0,0,0,1,0,1
18.399999618530300,0,0,0,0,1,0,1
18.969999313354500,0,0,0,0,1,0,1
19.100000381469700,0,0,0,0,1,0,1
19.09000015258790,0,0,0,0,1,0,1
17.799999237060500,0,0,0,0,1,0,1
17.06999969482420,0,0,0,0,1,0,1
16.950000762939500,0,0,0,0,1,0,1
16.829999923706100,0,0,0,0,1,0,1
16.459999084472700,0,0,0,0,1,0,1
17.170000076293900,0,0,0,0,1,0,1
16.770000457763700,0,0,0,0,1,0,1
16.889999389648400,0,1,0,0,1,1,1
18.760000228881800,0,1,0,0,1,1,1
18.84000015258790,0,1,0,0,1,1,1
17.030000686645500,0,1,0,0,1,1,1
15.779999732971200,0,1,0,0,1,1,1
16.079999923706100,0,1,0,0,1,1,1
17.780000686645500,0,1,0,0,1,1,1
18.34000015258790,0,1,0,0,1,1,1
20.09000015258790,0,1,0,0,1,1,1
17.190000534057600,0,1,0,0,1,1,1
16.979999542236300,0,1,0,0,1,1,1
17.709999084472700,0,1,0,0,1,1,1
16.940000534057600,0,1,0,0,1,1,1
16.93000030517580,0,1,0,0,1,1,1
17.030000686645500,0,1,0,0,1,1,1
17.1200008392334,0,1,0,0,1,1,1
17.989999771118200,0,1,0,0,1,1,1
16.8700008392334,0,1,0,0,1,1,1
16.049999237060500,0,1,0,0,1,1,1
16.809999465942400,0,1,0,0,1,1,1
17.209999084472700,0,1,0,0,1,1,1
18.530000686645500,0,1,0,0,1,1,1
20.030000686645500,0,1,0,0,2,1,2
19.139999389648400,0,1,0,0,2,1,2
17.950000762939500,0,1,0,0,2,1,2
17.459999084472700,0,1,0,0,2,1,2
17.940000534057600,0,1,0,0,2,1,2
15.649999618530300,0,1,0,0,2,1,2
14.600000381469700,0,1,0,0,2,1,2
14.729999542236300,0,1,0,0,2,1,2
13.960000038147000,0,1,0,0,2,1,2
13.9399995803833,0,1,0,0,2,1,2
13.649999618530300,0,1,0,0,2,1,2
13.829999923706100,0,1,0,0,2,1,2
15.010000228881800,0,1,0,0,2,1,2
14.609999656677200,0,0,0,0,2,0,2
13.880000114440900,0,0,0,0,2,0,2
14.5,0,0,0,0,2,0,2
13.539999961853000,0,0,0,0,2,0,2
13.880000114440900,0,0,0,0,2,0,2
13.199999809265100,0,0,0,0,2,0,2
12.90999984741210,0,0,0,0,2,0,2
13.4399995803833,0,0,0,0,2,0,2
14.25,0,0,0,0,2,0,2
13.739999771118200,0,0,0,0,2,0,2
13.430000305175800,0,0,0,0,2,0,2
13.539999961853000,0,0,0,0,2,0,2
13.59000015258790,0,0,0,0,2,0,2
13.569999694824200,0,0,0,0,2,0,2
14.180000305175800,0,0,0,0,2,0,2
15.4399995803833,0,0,0,0,2,0,2
14.829999923706100,0,0,0,0,2,0,2
15.069999694824200,0,0,0,0,2,0,2
14.84000015258790,0,0,0,0,2,0,2
13.539999961853000,0,0,0,0,2,0,2
13.609999656677200,0,0,0,0,2,0,2
13.34000015258790,0,0,0,0,2,0,2
13.479999542236300,0,0,0,0,1,0,1
13.300000190734900,0,0,0,0,1,0,1
13.760000228881800,0,0,0,0,1,0,1
13.989999771118200,0,0,0,0,1,0,1
13.600000381469700,0,0,0,0,1,0,1
13.90999984741210,0,0,0,0,2,0,2
13.859999656677200,0,0,0,0,2,0,2
13.1899995803833,0,0,0,0,2,0,2
14.40999984741210,0,0,0,0,2,0,2
13.329999923706100,0,0,0,0,2,0,2
13.630000114440900,0,0,0,0,2,0,2
13.930000305175800,0,0,0,0,2,0,2
16.09000015258790,0,0,0,0,2,0,2
15.920000076293900,0,0,0,0,2,0,2
17.100000381469700,0,0,0,1,2,0,3
15.770000457763700,0,0,0,1,2,0,3
15.989999771118200,0,0,0,1,2,0,3
15.960000038147000,0,0,0,1,2,0,3
15.850000381469700,0,0,0,1,2,0,3
14.84000015258790,0,0,0,1,2,0,3
14.819999694824200,0,0,0,1,2,0,3
16.459999084472700,0,0,0,1,2,0,3
16.780000686645500,0,0,0,1,2,0,3
17.889999389648400,1,0,0,1,2,1,3
17.299999237060500,1,0,0,1,2,1,3
17.1299991607666,1,0,0,1,2,1,3
16.969999313354500,1,0,0,1,2,1,3
15.979999542236300,1,0,0,1,2,1,3
17.200000762939500,1,0,0,1,2,1,3
15.680000305175800,1,0,0,1,2,1,3
15.079999923706100,1,0,0,1,2,1,3
14.449999809265100,1,0,0,1,2,1,3
13.880000114440900,1,0,0,1,2,1,3
13.569999694824200,1,0,0,1,2,1,3
13.09000015258790,1,0,0,1,2,1,3
14.010000228881800,1,0,0,1,2,1,3
14.449999809265100,1,0,0,1,2,1,3
14.399999618530300,1,0,0,1,2,1,3
13.84000015258790,1,0,0,1,2,1,3
13.800000190734900,1,0,0,1,2,1,3
14.229999542236300,1,0,0,1,2,1,3
13.479999542236300,1,0,0,1,2,1,3
12.819999694824200,1,0,0,1,2,1,3
13.789999961853000,1,0,0,1,2,1,3
14.0,1,0,0,1,2,1,3
14.109999656677200,1,0,0,1,2,1,3
15.140000343322800,1,0,0,1,2,1,3
17.540000915527300,1,0,0,1,2,1,3
17.200000762939500,1,0,0,1,2,1,3
16.899999618530300,1,0,0,1,2,1,3
18.940000534057600,1,0,0,1,2,1,3
18.219999313354500,0,0,0,1,2,0,3
17.34000015258790,0,0,0,1,2,0,3
17.520000457763700,0,0,0,1,2,0,3
17.610000610351600,0,0,0,1,2,0,3
19.780000686645500,0,0,0,1,2,0,3
18.579999923706100,0,0,0,1,2,0,3
18.489999771118200,0,0,0,1,2,0,3
17.450000762939500,0,0,0,1,2,0,3
17.700000762939500,0,0,0,1,2,0,3
17.030000686645500,0,0,0,1,2,0,3
16.09000015258790,0,0,0,1,2,0,3
16.690000534057600,0,0,0,1,2,0,3
19.31999969482420,0,0,0,1,2,0,3
17.209999084472700,0,0,0,1,2,0,3
17.8799991607666,0,0,0,1,2,0,3
19.219999313354500,0,0,0,1,2,0,3
21.399999618530300,0,0,0,1,2,0,3
21.709999084472700,0,0,0,1,2,0,3
20.3700008392334,0,0,0,0,2,0,2
18.969999313354500,0,0,0,0,2,0,2
20.190000534057600,0,0,0,0,2,0,2
20.68000030517580,0,0,0,0,2,0,2
21.270000457763700,0,0,0,0,2,0,2
19.75,0,0,0,0,2,0,2
18.139999389648400,0,0,0,0,2,0,2
16.8700008392334,0,0,0,0,2,0,2
15.65999984741210,0,0,0,0,2,0,2
14.90999984741210,0,0,0,0,2,0,2
14.890000343322800,0,0,0,0,2,0,2
14.8100004196167,0,0,0,0,2,0,2
14.449999809265100,0,0,0,0,2,0,2
15.289999961853000,0,0,0,0,2,0,2
14.170000076293900,0,0,0,0,2,0,2
14.760000228881800,0,0,0,0,2,0,2
14.15999984741210,0,0,0,0,2,0,2
14.180000305175800,0,0,0,0,2,0,2
14.319999694824200,0,0,0,0,2,0,2
13.800000190734900,0,0,0,0,2,0,2
13.40999984741210,0,0,0,0,2,0,2
13.350000381469700,0,0,0,0,2,0,2
12.850000381469700,0,0,0,0,2,0,2
12.460000038147000,0,0,0,0,2,0,2
12.6899995803833,0,0,0,0,2,0,2
12.6899995803833,0,0,0,0,2,0,2
12.979999542236300,0,0,0,0,2,0,2
12.920000076293900,0,0,0,0,2,0,2
12.630000114440900,0,0,0,0,2,0,2
13.079999923706100,0,0,0,0,2,0,2
12.850000381469700,0,0,0,0,2,0,2
12.970000267028800,0,0,0,0,2,0,2
13.0600004196167,0,0,0,0,2,0,2
12.350000381469700,0,0,0,0,3,0,3
12.630000114440900,0,0,0,0,3,0,3
12.069999694824200,0,0,0,0,3,0,3
12.1899995803833,0,0,0,0,3,0,3
12.479999542236300,0,0,0,0,2,0,2
12.279999732971200,0,0,0,0,2,0,2
12.5600004196167,0,0,0,0,2,0,2
12.529999732971200,0,0,0,0,2,0,2
13.670000076293900,0,0,0,0,2,0,2
13.649999618530300,0,0,0,0,2,0,2
13.029999732971200,0,0,0,0,2,0,2
12.989999771118200,0,0,0,0,2,0,2
12.430000305175800,0,0,0,0,2,0,2
12.470000267028800,0,0,0,0,2,0,2
12.449999809265100,0,0,0,0,2,0,2